feature	importance(chi2)	correlation(pointbiserialr)
eff_pos	449.0695669	0.120436884
premfe_200_500	11.78434004	0.020729717
premfe_500_200	54.17535665	0.044540586
Guo_b_ccdf	1045.723519	-0.184756195
max_mfe	616.3632369	0.14892802
CCC..(	0.288559249	-0.014590043
pval_b_cdf	257.800173	-0.091250104
GGG(.(	0.122199016	-0.009743477
AAA(.(	0.000321226	0.000490582
Howellb_ccdf	478.9898938	-0.123194691
anyhitBool_True	25.74853859	0.048438849
occ_bulge10nt	0.012455073	0.003180366
pval_cdf	12.16623838	0.019824284
pval_fdr	56.45194641	0.04477309
occ_loop10nt	0.853931872	0.027858299
min_mfe	1.512361729	-0.007319951
occ_bulge11nt	0.000549446	-0.000713016
occ_loop11nt	0.026429969	-0.00542047
occ_loop5nt	1.23707229	-0.01644382
AAA(..	0.872260441	0.014224827
Howell_ccdf	481.0760345	-0.124530608
TTT...	0.001791258	-0.000591843
occ_loop3nt	1.979977939	0.020991658
occ_loop8nt	1.334076827	0.018875873
CCC(.(	0.003931081	-0.002202237
twohitBool_False	293.9365993	-0.083493137
premfe	614.6168066	-0.149103897
occ_bulge6nt	0.096940237	0.004868686
occ_loop12nt	0.022768206	-0.005518331
GGG((.	1.596618161	-0.021077885
AAA..(	0.402556081	0.010046822
CCC(((	4.020900798	-0.032994367
occ_bulge12nt	6.31E-05	-0.000296205
occ_bulge13nt	0.001117354	0.001318523
occ_loop7nt	0.000190186	-0.000255312
TTT.((	0.467134731	0.012495726
AAA((.	0.021027345	-0.002663946
mircheck_conclu25_NONPAIRING	18.74991137	0.017407584
TTT((.	0.829009806	-0.016248087
GGG.((	0.567573481	-0.013628987
mircheck_conclu_NONPAIRING	9.002003532	-0.012743058
occ_bulge7nt	0.554318655	-0.01343304
occ_loop14nt	0.001765058	-0.001683527
AAA.((	0.848875491	0.016920595
mircheck_conclu52_NONPAIRING	12.4141825	0.013945685
TTT..(	0.442664867	0.012552934
CCC...	1.569098172	-0.023804195
occ_loop13nt	0.0014555	-0.001579647
CCC(..	1.605542012	-0.027027351
k	3822.923622	0.211506757
occ_bulge14nt	0.00729352	-0.003598324
TTT(..	0.033248697	0.003541153
occ_bulge8nt	0.165550511	-0.008363324
n	1143.451981	0.201414606
BestScore	714.9999634	0.155127347
Guo_ccdf	163.1941501	-0.072721614
occ_bulge15nt	0.001699274	0.001854398
GGG...	0.104528606	0.006887878
occ_loop15nt	0.000246101	0.000714475
occ_bulge16nt	6.21E-06	0.000115741
GGG..(	0.14328522	-0.008276539
occ_loop16nt	0.016084251	0.00598222
occ_loop19nt	0.001733234	0.002087877
occ_bulge17nt	2.61E-06	-7.68E-05
occ_loop20nt	0.004100676	0.003217595
CCC((.	0.583908574	-0.018152122
occ_loop17nt	5.37E-05	0.000352862
occ_loop18nt	0.000111953	0.000511852
md3C	802.9916107	-0.165376493
occ_bulge18nt	0.000335092	0.000895622
A.(.	0.004003033	0.002280076
ext_k	2447.380722	0.192419782
occ_loop23nt	0.004003033	0.002280076
eff_frq	850.3183077	0.173554118
occ_bulge19nt	0.001051494	0.001586522
occ_bulge20nt	0.001058683	0.001626626
occ_bulge22nt	0.004003033	0.002280076
occ_bulge21nt	0.009390117	0.004850515
C.(.	0.004003033	0.002280076
CCC.((	0.449596903	-0.01650233
TTT.(.	0.004003033	0.002280076
3p3G	696.8337843	0.152625726
AAA.(.	0.004003033	0.002280076
CCC.(.	0.004003033	0.002280076
GGG.(.	0.004003033	0.002280076
T.(.	0.004003033	0.002280076
eff_strand_W	8.843551197	0.009731075
occ_bulge23nt	0.004003033	0.002280076
occ_loop22nt	0.004003033	0.002280076
G.(.	0.004003033	0.002280076
TTT(.(	0.015267044	0.003014445
occ_loop21nt	0.004003033	0.002280076
occ_loop9nt	0.117122292	-0.008870883
occ_bulge4nt	0.700258295	0.00839524
GGG(((	13.49664512	-0.034016722
pval_b	639.7994383	-0.142551276
occ_loop4nt	0.178748003	-0.004464164
C(.(	3.310864227	-0.0166685
GGG(..	0.039902398	-0.005139015
eff_strand_C	2.664489948	-0.005308414
G(.(	1.072055514	0.009720057
occ_bulge9nt	0.000308414	0.000450516
AAA...	3.145488198	0.016419386
dominant_strand_both	25.45323113	0.016327162
TTT(((	1.455182515	0.011527554
pval	18.86190474	0.024981799
5p2T	421.3453185	0.120043465
5p1T	531.8647794	0.134026726
GC%	487.3447541	-0.132252628
md2C	705.0322845	-0.154776409
length	780.6077489	0.163047875
5p4C	479.1227171	-0.12676587
5p1C	527.1264779	-0.133202899
occ_bulge5nt	0.901637733	-0.011685518
5p5C	443.7924153	-0.12089384
occ_loop6nt	0.013078433	0.001510008
AAA(((	0.272722507	0.006857046
3p4C	454.4380726	-0.123689163
5p2A	188.9776282	0.080217543
md1C	246.5083964	-0.092487132
md4C	224.8379605	-0.08752037
5p3G	117.143802	0.063292211
3p2T	253.0706382	0.092946098
3p2C	292.0040964	-0.099145919
md4T	333.776969	-0.107013377
3p1G	127.0744004	0.064944629
5p3C	251.8176825	-0.092188969
5p1G	396.3918518	-0.114694466
5p2G	196.2254432	-0.080964288
5p2C	381.4311343	-0.113628969
5p5A	229.06299	0.088803203
md1G	59.50965926	0.045522231
eff5p1_A	4.427030947	-0.006390394
5p4T	117.1382335	0.062847825
3p5A	144.9052305	0.071095498
md3A	176.628052	0.077420847
3p2G	2.162133915	0.008575107
md5G	28.35040116	0.030680871
5p4G	103.5874483	0.059534756
3p3A	166.4207692	-0.074671325
3p4A	150.1257807	0.072064336
occ_bulge3nt	1.542692989	0.010272336
5p4A	2.144890112	-0.008613916
md4A	210.7933564	0.084681568
dist_5p	447.9160893	0.122603016
3p5G	8.791804689	0.017382202
dist_3p	427.3548325	0.117423588
G%	23.32315464	-0.028571966
3p3C	98.45690293	-0.057979524
md2A	65.83839565	0.047772042
md2G	3.758544464	0.011221324
3p1A	18.76507905	0.025243654
3p1C	158.3823771	-0.07303546
md5C	16.42548626	-0.023764546
occ_loopAllnt	0.383064742	0.004552754
md4G	58.88961114	0.044561092
md3T	41.73663704	0.037821976
3p4G	9.750188465	0.018067999
3p5T	4.723686712	-0.012808988
3p1T	0.068029003	0.001527625
3p5C	158.5236337	-0.073192494
T(.(	0.67794319	0.006813323
5p3A	36.93927633	-0.035653173
md2T	104.1442313	0.060239181
T%	162.3040441	0.076421345
A%	175.9195207	0.079466353
3p2A	42.53301782	0.038138142
A(.(	0.287429418	0.00380751
3p3T	113.8009661	-0.06224601
eff3p1_A	9.068245914	0.008740611
5p5T	86.21029842	0.054372608
md5T	2.859309218	-0.009936225
5p1A	47.79077274	0.040475443
md1T	19.29878884	0.025445464
occ_bulge2nt	1.909582659	0.009600672
md1A	1.407278543	0.006980254
3p4T	29.8167382	0.031868581
5p3T	30.20405225	0.032015336
eff3p3_G	427.4469103	0.058295072
md3G	11.26009001	0.019531874
5p5G	12.11767357	-0.020083733
C%	95.8672181	-0.058076486
eff5p4_G	28.48049503	0.014933841
eff5p3_G	49.44620311	-0.019857186
eff5p3_A	10.67063619	0.009107278
md5A	2.281560302	0.008785793
eff3p2_G	15.0471783	-0.010760175
effmd5_A	1.011367234	-0.002784042
effmd4_G	57.9353195	0.020968231
eff5p5_A	0.354441071	0.001660218
effmd1_G	42.67239114	0.01798348
effmd3_A	4.498586767	0.00590653
effmd2_A	45.40431536	0.018648911
occ_bulgeAllnt	2.831417959	0.01029706
eff3p4_G	1.925865385	0.003830773
eff3p5_G	6.677524393	0.007177448
eff5p2_G	20.26547037	-0.012443476
effmd2_G	0.532658901	0.002009459
effmd4_A	47.03290835	0.01889809
eff5p5_G	21.94458797	0.012825647
eff5p1_T	513.9527476	0.061536795
twohitBool_True	999.4750621	0.083493137
effmd3_G	65.29938767	0.02195749
eff3p3_C	9.395597479	-0.008378901
eff5p2_A	85.87491917	0.025419524
eff3p5_A	44.69405028	0.018231748
eff5p4_A	5.452453993	0.006408226
eff3p1_T	13.14960018	-0.009746894
effmd4_T	51.02219243	-0.019218654
occ_bulge1nt	1.168825991	0.006290626
dominant_strand_Watson	80.59782999	-0.024181514
eff3p2_A	77.34259592	0.023595975
effmd1_T	12.04620312	0.00940659
effmd5_G	18.26213064	0.011585854
effmd1_A	9.06621386	0.008180295
effmd2_T	39.00458268	0.016642299
eff3p4_T	70.02277896	0.022341191
dominant_strand_Crick	4.178965522	0.005507692
eff3p3_T	121.9330606	-0.029308979
eff3p4_A	30.2215246	0.014615708
N	105.011427	0.060964661
eff3p4_C	253.1052832	-0.041980507
effmd3_T	5.497296048	0.006315701
eff3p5_T	7.640699067	-0.007356882
eff5p2_T	11.0645835	0.008852116
longest_paired_length	11.30801067	0.020034051
eff5p5_T	62.37792208	0.020946206
NBtripletG	197.3759213	-0.04214236
effmd5_T	0.269857163	-0.001380789
eff3p2_T	23.20454485	0.012811734
paired_percentage	14.27387701	0.022333125
NBtripletT	7.587856536	0.008463454
eff5p4_T	11.31641018	0.008806793
eff5p1_G	211.496431	-0.03735849
eff3p2_C	101.8099979	-0.026373405
eff5p3_T	244.5899475	0.040466971
effmd5_C	9.918352479	-0.00817132
NBtripletA	106.7445962	0.033568904
paired_roll7	12.72973712	0.02110793
eff3p1_C	27.60710854	-0.013627092
eff3p5_C	69.37582279	-0.021408751
eff5p4_C	175.5342292	-0.034182174
effmd1_C	269.1561395	-0.041936401
effmd3_C	256.4844796	-0.040755724
length_longest_bulge	1.075487307	-0.005666002
NBtripletC	554.5928132	-0.062524571
eff5p5_C	246.5527562	-0.040215687
effmd2_C	292.4663835	-0.043675427
paired_roll5	12.24808626	0.020797797
paired_roll3	14.05098437	0.021693857
length_longest_loop	1.447252639	0.00413371
eff5p3_C	127.3706856	-0.02883356
eff3p1_G	29.8399861	0.014065089
eff3p3_A	138.078572	-0.029840896
eff5p1_3p3_TG	513.5064077	0.055134821
eff5p2_C	92.81917955	-0.024741271
mircheck_conclu52_MIXED_PAIRING	0.258445661	-0.00128073
effmd4_C	106.2817523	-0.026184476
eff5p1_C	130.8808837	-0.028516441
fback_stop25	28.85674221	-0.013040695
fback_start52	54.82520698	-0.017858556
eff3p3di_AG	353.7827105	0.04532461
mircheck_conclu_MIXED_PAIRING	66.73160664	0.020225358
mircheck_conclu25_MIXED_PAIRING	13.17315882	-0.009143932
eff5p1di_TA	783.1072616	0.066423233
eff5p5di_GA	101.8412725	0.024835331
eff5p1tri_TAA	669.6756578	0.060432654
eff5p3di_GA	30.62236734	-0.01356213
eff5p4di_GT	0.839178914	-0.002196273
eff5p1tri_AAG	12.96855524	-0.008628899
effmd4di_TA	150.0533162	-0.02941784
eff3p4di_TC	192.1416354	-0.033289708
eff3p3tri_GAG	361.931031	0.044793387
eff5p2tri_ATG	525.3475971	0.05363438
eff3p4tri_ATC	90.08306868	-0.022311517
eff3p1di_GG	108.1077243	-0.025040085
eff5p1di_AA	14.16450063	0.009416947
eff5p1_3p3_AG	81.80395204	0.022535665
eff5p1_3p3_GT	269.7173778	-0.038917457
eff5p4di_TG	15.9922515	0.009588073
effmd2di_TG	244.54956	0.037703144
eff5p4di_GC	13.67541515	-0.008784238
effmd2di_TT	0.123488251	-0.000842371
effmd5di_GG	1.202333391	-0.002633521
anyhitBool_False	409.5857153	-0.048438849
eff5p1_3p3_CC	145.7228981	-0.028784709
eff3p2di_CC	142.8996684	-0.028570212
effmd5di_AC	61.54843447	-0.018734869
eff3p1di_AG	75.41512023	0.020666682
eff5p2di_AA	154.8121958	0.029929662
eff5p1di_AG	68.75926244	-0.020548797
eff3p2di_GG	63.18357684	0.019475066
effmd3tri_GCG	79.65279813	-0.02082188
eff5p5tri_TGG	78.60004008	0.020757562
eff5p4di_GG	114.9375786	0.026023505
fback_stop52	56.97329923	-0.018075212
eff3p1di_CC	63.48643793	-0.018943196
eff5p1di_GA	37.25768142	-0.014658884
eff3p3di_GG	78.86812697	0.021739518
eff5p2di_AT	212.8351403	0.034614155
eff3p2tri_GAC	72.43694876	-0.019942235
effmd4di_CC	58.83021678	-0.018066475
eff5p1_3p3_GA	332.9031756	-0.043035508
effmd5di_TG	290.9810541	0.04105934
eff3p3di_TG	219.0965783	0.035928768
effmd2di_GT	15.9804118	0.009601511
effmd1di_GA	258.9432539	0.039290294
effmd1tri_AGA	0.576189373	0.001798359
eff3p2di_AC	118.8143656	-0.025945431
effmd3di_GA	169.2632377	0.031722001
eff5p3di_TG	172.3971208	0.03158114
effmd5di_TC	137.221945	-0.027816881
eff5p5tri_CTC	14.06972666	-0.008763838
eff3p3di_CC	223.7069963	-0.03567244
eff3p5di_GA	96.92192181	0.02414502
eff5p1tri_AAT	251.2488826	0.037090073
eff3p3tri_ACA	43.08390172	-0.015348548
effmd4tri_AAG	499.7316244	0.052489221
eff5p2di_GT	30.47543608	0.013116201
eff3p5di_CC	133.9805598	-0.02732583
eff5p1di_TT	124.2629429	0.026834792
eff3p3tri_TGG	225.4420636	0.035415345
effmd3di_CT	90.7708556	-0.022728849
eff5p2tri_GCC	8.965789296	-0.006968844
effmd4tri_GGA	105.7755408	0.024262228
effmd1di_AT	208.6279784	0.034591772
eff5p3di_CG	26.593273	-0.012248847
mircheck_conclu_FAILED_MIR_EXTENSION	1.328212132	0.002823784
eff5p2di_CC	178.7378202	-0.031556271
eff3p4di_GG	2.732100091	-0.004034204
effmd1di_TT	73.16153116	0.020432479
effmd4di_AA	50.35860136	0.017210641
effmd1di_GT	2.458759203	-0.003774026
eff3p2di_GT	15.26692639	0.009418442
eff5p2tri_GAA	33.95894673	-0.013777818
effmd3di_CG	65.94285747	-0.019265021
eff5p4di_AG	3.51201473	0.004561727
eff3p3di_CA	92.94159642	-0.023026752
effmd5tri_GCT	19.28798321	0.010245308
eff3p2tri_CGG	38.53334572	-0.014626764
eff5p4di_CT	1.167860754	-0.002580959
eff3p3di_AC	1.560753241	-0.003028985
eff5p3tri_TGC	23.15054908	-0.011226149
eff5p4di_TT	104.4398799	0.024364198
effmd2di_AG	83.42510343	0.022126089
eff3p1tri_CGT	10.70752772	-0.007657669
eff3p4tri_CAT	102.3643329	0.02364702
mircheck_conclu52_FAILED_MIR_EXTENSION	2.197818193	0.003636189
eff3p3tri_TTT	27.83214467	-0.012352029
eff5p5di_AT	33.21042161	0.01381065
eff3p3tri_TCC	196.4907058	-0.032955395
eff5p2tri_CCA	50.95005557	-0.016671858
eff5p1_3p3_TT	43.12218917	0.015819129
eff3p2di_TC	174.0689874	-0.031349763
eff5p4tri_CGG	25.13754828	-0.011733118
effmd2tri_AGA	450.1780203	0.049981297
eff3p2di_GA	256.1211183	0.038883787
eff5p5di_TG	105.2480612	0.024627114
effmd5tri_AGC	28.91686437	0.012548538
effmd3tri_TGG	200.6986033	0.033274964
effmd5di_TT	28.54203065	-0.012813494
eff5p5di_AA	50.80800863	0.017326291
eff3p4tri_TTG	0.951143799	0.002287933
eff5p5tri_ATC	1.032935593	-0.002373072
mircheck_conclu25_FAILED_MIR_EXTENSION	0.465277501	-0.001667513
eff5p1di_CA	15.05182417	-0.009172228
eff3p1di_TG	228.1981059	0.035966393
eff5p4di_TC	56.79869079	-0.017926808
effmd5di_AG	152.715257	0.029865187
eff5p1di_TG	115.4298963	0.026090942
eff5p2di_GA	6.834834579	-0.006466415
eff5p2di_TT	89.38471004	0.022528177
effmd2tri_ATA	5.707286373	-0.005608119
eff5p4di_CA	20.90576072	-0.01095045
eff5p3di_AG	6.388127305	0.006180938
effmd3di_GT	2.235938588	-0.003577747
eff3p5di_GG	52.60456584	-0.017559238
eff5p2tri_AAA	131.8094454	0.026922724
eff5p5tri_ATA	40.27599014	-0.014859804
effmd1di_CA	34.17346991	-0.013941251
effmd2tri_CTG	2.422343755	-0.003639551
eff3p1tri_GGT	372.3466593	0.045302563
eff3p2tri_GCC	3.090007431	-0.004100207
eff5p5di_TC	27.54977037	-0.012506582
eff3p4di_GC	7.598239147	-0.006582055
eff5p1_3p3_TC	107.5550671	0.024775001
effmd3di_TC	27.15529766	-0.012390054
fback_stop	17.8954274	-0.010491138
eff5p5di_GT	28.09046629	-0.012681418
eff3p2tri_ATT	3.087066779	-0.004095282
eff5p3tri_CCA	31.00485735	-0.012995457
eff3p3tri_GGC	33.24553047	0.013578541
eff5p5tri_ATG	4.302746427	0.004861488
eff3p3tri_TTG	303.4514966	0.040888422
eff3p5di_GT	141.1752843	0.028324676
eff3p3di_AT	1.968662989	-0.003344942
eff5p1di_TC	0.473671457	-0.001656031
eff3p5di_CT	115.99841	-0.025628143
eff5p3tri_CGG	5.417784093	0.005456969
effmd4di_GA	10.26247537	0.007843005
eff3p2di_CG	38.35699851	-0.014937027
eff5p2di_GG	23.4656408	-0.011812925
eff3p2tri_CAC	74.76902783	-0.020209236
eff5p1_3p3_AC	5.059027055	-0.005549743
effmd1di_AC	168.5795529	-0.030947206
eff5p2di_CT	6.197400551	0.005949719
effmd3di_AT	10.69464179	0.007897328
eff5p5di_TA	2.321594657	0.003641892
eff5p2tri_ATT	0.355348215	0.001388925
eff3p3tri_ATG	6.149292415	0.005856059
eff5p2di_AG	19.41360195	-0.010896313
effmd5tri_AGA	331.4414614	0.042877043
eff5p1_3p3_AT	80.44243737	-0.021975182
eff3p1tri_TTC	10.56457304	-0.007576954
eff3p5tri_TAA	135.4234076	-0.027285412
eff5p3di_TC	0.169386003	0.000975249
eff3p5di_CG	1.55E-05	-9.39E-06
eff3p2di_GC	193.3485906	0.03330528
eff3p1di_CT	125.607132	-0.026864507
eff3p4tri_CCC	71.28948749	-0.01968282
effmd5tri_TAC	69.37213314	-0.019491306
eff3p2di_TA	36.16076015	-0.014344803
effmd1tri_TTC	0.201592335	-0.001046183
effmd4di_GT	12.9452916	-0.008643317
eff5p2di_TG	12.59035871	0.008544838
eff3p1di_TA	0.115129695	-0.00082299
eff5p3tri_CTT	4.268125366	0.0048253
eff5p2tri_CTC	63.76752912	0.018685325
eff5p1di_AT	12.62443622	0.008670996
effmd2tri_TCA	6.282025347	-0.005848824
eff3p1tri_TCA	64.84456483	-0.018859146
eff3p3di_GC	2.487876252	0.003811216
effmd3tri_CTC	18.26263835	0.009963118
effmd1di_GG	0.411997445	0.001547304
eff5p4di_CC	150.6402157	-0.02895996
effmd5tri_TCA	40.85103176	-0.014918349
eff3p1tri_TAA	21.18108005	-0.01077876
effmd5di_AT	7.126320246	0.006444274
eff3p2tri_GGT	8.404749249	0.00684299
effmd4tri_TGC	49.96744416	-0.016582065
eff5p2di_AC	0.643484656	0.001914575
eff3p4tri_AAA	34.06284406	-0.013679047
eff3p5tri_ACT	151.5381505	-0.028956407
eff5p3tri_AGC	1.234458606	-0.00259516
eff5p3tri_GCG	90.51713301	-0.022261192
effmd4di_AG	46.79063946	0.016512276
eff5p2tri_ATA	139.1504848	0.027498105
effmd4tri_CCT	83.46414838	-0.021319673
eff3p5tri_TGC	5.163952075	0.005296658
eff3p1di_GT	65.76259391	0.019437202
effmd3di_GG	3.547231137	0.00456378
eff5p2tri_AGT	135.1928286	-0.027473685
eff3p4tri_GAT	156.1820745	0.029527741
eff5p5tri_TTT	4.36269389	0.004895411
effmd5tri_CGG	3.81495985	0.00457105
eff5p5tri_GGC	0.065711876	0.000598526
effmd4tri_TAT	63.00642051	-0.018550032
effmd3tri_ATA	29.9602345	-0.012808365
eff3p3di_CG	3.069868535	-0.004205439
effmd2di_GA	15.3609343	0.009645559
eff3p2tri_GCT	51.57392793	0.016897504
eff3p4di_GA	118.823779	0.026532509
eff5p4tri_AGA	51.05079035	-0.016935663
effmd4tri_TGG	1.375299265	-0.002755694
eff3p5tri_CAG	143.9121762	-0.028086233
effmd5tri_ACC	53.77853058	-0.017120203
eff5p4di_CG	113.7189713	-0.025306333
effmd5tri_GAG	11.68758867	0.008011823
eff3p2tri_TGC	257.9874816	0.037564633
effmd2tri_GAC	14.10575991	-0.008817221
effmd4di_GC	102.391645	0.024139201
eff3p5di_AC	15.06971089	-0.009344417
effmd5tri_CGT	8.214879509	0.006687918
effmd2tri_GAT	120.4988271	0.025919836
eff5p2di_CA	2.337721478	-0.003646849
effmd4tri_CGT	46.39619341	0.015903813
eff3p2di_AA	3.863282844	0.004641947
eff5p4tri_GAG	17.82000438	-0.009945677
eff5p1tri_GAG	0.076101659	-0.000650121
eff5p3tri_GAG	9.409962177	-0.007218622
eff3p2di_CA	6.486416222	0.006156919
effmd2di_CT	58.39940269	-0.018248474
eff5p5tri_CCT	75.81208203	-0.020389846
effmd3di_AC	50.02886458	-0.016910234
mircheck_conclu25_5prime	40.02686757	-0.014859345
effmd3tri_CTT	11.18948542	-0.007814813
eff3p1tri_ATC	15.88018449	-0.009303527
eff5p2tri_TAG	0.039915372	0.000468588
eff3p3tri_TCA	6.609835832	-0.006000663
eff3p1tri_GAA	130.9792502	0.026937459
eff3p3tri_ACT	1.384573017	0.002753507
eff3p1di_GC	13.8826022	-0.008893488
effmd3di_AG	41.09019533	0.015624046
effmd3tri_GGT	6.623170884	-0.006036879
eff5p1tri_CCA	39.13205896	-0.014579829
effmd5tri_GTT	35.39861214	0.01393347
eff3p5tri_ACG	28.08504189	0.012409211
effmd5tri_GCG	18.36721228	-0.009990815
eff5p1tri_AAA	10.68036961	0.007711649
effmd5di_GA	76.65916505	0.021372039
eff5p4tri_GCC	1.62745593	-0.00297178
effmd4tri_AGT	16.6286134	0.009546108
eff5p5tri_CCA	125.8376008	-0.02623065
eff3p4di_CT	7.401940823	0.006464889
eff3p4tri_AGA	197.0832275	0.033127403
effmd4di_TG	15.22461158	-0.009448797
eff5p3di_GG	0.250377999	-0.00122441
eff3p3tri_TAA	91.94943112	-0.022360732
eff5p2di_CG	92.0606976	-0.022747608
eff3p4di_AT	134.5185036	0.027990599
eff5p4tri_GAC	15.9776935	-0.009425785
eff3p1tri_CTC	8.537825223	0.006841693
eff5p5di_CG	42.32853837	-0.015428333
eff3p5tri_TCG	0.526044315	0.001700197
eff3p2tri_CGA	39.30888958	0.014664645
eff3p3tri_GCG	0.820614488	0.002118006
eff3p1tri_AGG	26.97570333	-0.012085829
effmd1tri_TTA	2.570100168	0.003743407
effmd2tri_TTA	46.22169127	-0.01589951
eff3p5di_TG	43.93267832	0.016000654
effmd2tri_ATC	13.98902675	-0.008755148
eff5p3di_CA	21.25425885	-0.011005202
eff3p5tri_GGA	77.62939177	0.020801614
effmd4di_AC	67.87516303	-0.019827404
eff3p4di_TT	18.82246879	0.010403148
eff5p3tri_TCA	6.626351324	0.006021487
effmd5tri_TCT	63.09878679	-0.018555823
eff5p3di_AC	52.46068198	-0.017393668
effmd5tri_AGG	3.871827972	-0.004624257
eff5p2tri_TGA	2.353067033	0.003586777
eff3p1tri_ACT	64.12088775	-0.018730052
eff3p3di_GT	57.4354093	-0.018227887
effmd2tri_TGC	37.9661904	0.014378073
effmd2di_AC	99.67253304	-0.02394627
effmd2tri_CCC	5.374975723	-0.005391583
eff5p3tri_TTT	20.89983951	0.010677455
eff3p4tri_TGC	3.038011995	-0.004072427
effmd1di_AA	47.69992353	0.016693262
eff5p3di_AA	35.74461827	0.014531406
eff3p5di_CA	3.666746064	0.004557534
mircheck_conclu25_FBACK_SHORT	41.57697918	-0.015086899
eff3p3di_TT	43.30841966	-0.015768695
eff3p4di_GT	8.048028214	-0.006797229
eff3p3tri_GGA	24.7072168	-0.011639332
eff5p1tri_TCG	50.38906954	-0.016599301
eff3p1tri_TTA	7.788908283	-0.006541503
eff3p1tri_CAT	30.59163797	-0.013031412
eff3p5tri_TGA	119.1207914	0.025598585
effmd3tri_GGA	9.187422862	0.007140666
eff3p5tri_CGG	57.60382327	-0.017750194
eff5p4tri_AGG	140.9136965	0.027808184
effmd3tri_TTA	15.09579362	-0.009077528
eff5p3di_AT	21.9750374	0.011193729
eff3p2tri_ACC	143.5521814	-0.028087517
eff5p1tri_GAA	14.21711895	-0.008807747
effmd5tri_GGC	11.7530622	-0.008002933
eff3p4tri_AAC	10.15032008	-0.007457331
eff5p5di_CT	18.56468161	-0.01026361
effmd4tri_GCA	63.87126541	0.018719077
fback_start25	29.69898804	-0.012984814
effmd3tri_TAA	307.8930439	0.04110377
eff5p3tri_TGA	108.1910044	0.024397964
effmd1tri_ATC	18.37868622	-0.010015785
eff5p1tri_TAT	269.2203741	0.038242886
eff3p1tri_CGC	24.91539353	-0.011648921
effmd4tri_CAA	14.34368752	-0.008856391
eff3p2di_TT	4.832146771	-0.005225143
effmd5di_AA	92.29660998	-0.023374485
eff5p4tri_GCT	19.64376846	0.010350612
effmd3di_TG	148.0075854	0.029327959
eff5p5di_CA	28.28937281	-0.012639342
eff3p5tri_ATG	1.07148747	-0.002437158
eff5p1tri_ATG	54.8712474	0.017453132
eff3p2tri_CAG	72.03838366	-0.019804238
effmd3tri_TAG	0.180449556	0.000996169
eff5p5tri_CTT	0.609252422	-0.00182614
effmd4tri_CAT	1.849846604	-0.003181736
eff3p4tri_AAG	4.16375104	0.004802929
effmd1tri_TCC	4.630234102	-0.005016418
eff3p4di_TG	53.36139036	0.017594327
eff3p5tri_GAC	0.370459977	0.001430987
eff3p5tri_TCA	3.476707818	-0.004352821
effmd2di_CG	101.0741076	-0.023841754
eff5p1di_AC	15.40175686	-0.009393505
eff5p4tri_CTA	46.29736267	-0.015892758
effmd1tri_CCT	28.58829062	-0.012452519
eff3p4tri_AAT	18.2781048	-0.010016098
effmd1tri_ATG	485.5746776	0.051646799
eff5p3di_CT	2.361405155	-0.003648019
eff5p1tri_GAC	75.49659059	-0.020294469
eff3p4tri_GAC	10.38942529	-0.007583624
eff5p1tri_AGA	18.46724772	-0.010273726
eff5p2tri_GAG	8.671631065	0.00698498
eff3p5tri_CTG	2.183666577	-0.003447575
eff5p2tri_GTC	14.15681887	0.008759916
effmd5di_CC	140.3095249	-0.027963635
eff3p1tri_TGA	1.053014317	0.002429026
eff5p5tri_GAT	268.7646029	0.038700837
eff5p2tri_CAA	57.2180998	0.017714468
eff3p2tri_ACT	83.89243535	0.021452073
eff5p4di_AA	6.894626529	0.006339019
effmd4tri_AGA	15.32325978	0.009232681
eff3p1tri_CTT	0.929227964	-0.002258297
effmd3tri_GGG	0.346978597	-0.001375217
eff3p1tri_GGA	4.727738873	-0.005147559
eff3p5tri_CTT	21.06856567	-0.010720819
effmd2tri_TAC	16.97165386	-0.009631412
eff5p1tri_ATA	0.285775742	-0.001259052
effmd5tri_ATT	10.50628059	0.007581422
eff3p1tri_CCC	15.8844041	-0.00930423
eff5p5di_AC	54.8433548	-0.017863987
effmd3tri_ACC	30.20656146	-0.012841658
effmd1tri_CGC	30.6243272	0.012873249
eff3p5di_AG	29.38816252	0.01322035
effmd3di_TT	56.11636501	-0.018016008
eff3p2tri_GGA	125.7476636	0.026406373
eff5p4di_AC	74.85310463	-0.020653319
eff5p4tri_CCC	65.25051471	-0.018807364
eff5p1tri_TCT	22.53229151	0.011165
eff3p4tri_CTT	9.021901568	-0.007013812
effmd2di_TC	54.53689128	-0.017481488
eff5p3di_GC	59.96697953	-0.018473763
effmd1tri_TAA	16.60727973	-0.009525013
eff5p2tri_GGA	9.598703548	-0.007342065
eff5p2tri_CCC	43.91174403	-0.015427296
eff5p4tri_AAC	11.09360937	-0.007818777
eff5p5tri_CGA	81.00817752	-0.021078289
effmd2tri_AAT	0.061870997	0.000582249
eff5p1tri_CGT	32.06006911	0.0131644
eff5p1di_GG	71.98903002	-0.020146538
eff5p5di_GC	0.728445826	-0.002027934
eff5p4tri_ACG	11.16695467	0.00780177
effmd3tri_TCA	67.09902247	-0.01914563
effmd4tri_AAT	0.76151119	0.002041095
effmd3tri_ATT	171.1132073	0.030637239
mircheck_conclu_MIR_BULGE	18.22743265	0.010035418
eff3p1di_TT	8.985716184	-0.007178879
eff5p5di_GG	5.359301434	0.00556414
effmd5tri_CAC	15.39242744	-0.009173746
eff3p2tri_CCG	116.4003358	-0.025219205
eff3p2tri_AGG	325.9855314	0.042357125
effmd5di_CT	14.0170966	-0.008926629
eff5p5tri_GCC	6.682210272	-0.006013882
eff5p4tri_ACA	4.322044906	-0.004859861
eff3p5tri_CTC	78.68553611	-0.020743336
eff3p4tri_GAA	41.69013733	0.015118925
eff5p4tri_TTT	73.84323116	0.020090481
eff3p1tri_ATT	48.10886415	-0.016192395
effmd2tri_AAC	0.185716389	-0.001007485
eff3p4tri_CAA	3.470711275	-0.004360236
effmd2tri_TAA	7.756996461	0.006514538
eff5p4tri_TCT	5.000395308	-0.005219922
eff5p5tri_GGA	27.42020633	0.012335774
eff5p2tri_CTG	17.68307432	0.009847527
eff5p2tri_TAC	21.73644002	-0.010933917
eff5p4di_GA	6.204718046	0.00616217
eff3p3tri_CAC	13.87029229	0.008721618
effmd2tri_TTC	0.09367757	-0.000713839
eff3p1di_GA	2.292664923	-0.003732402
effmd1tri_ACT	68.563738	-0.019396377
effmd2tri_ACT	58.88059902	-0.018048693
eff5p5tri_TAC	2.615221032	0.003776433
eff3p4tri_AGC	16.33331263	-0.009474475
effmd3tri_CGG	33.13255103	-0.013458359
eff5p3tri_TAC	26.7516482	0.012054674
eff3p3di_GA	5.808844584	-0.005731465
eff5p5tri_ACA	5.986606138	-0.005740392
eff5p5tri_TCG	16.1377978	-0.009386388
eff5p3tri_CGT	1.365080741	-0.002722408
eff3p1di_AA	73.08166556	0.020685772
effmd4tri_ATC	20.50802321	-0.010585473
eff3p3tri_AGT	0.761537473	0.002044426
effmd5tri_CGC	8.887353629	-0.006933695
eff5p2tri_TGC	46.45730222	-0.015925617
fback_start	16.65166324	-0.010164657
eff5p1di_CT	32.3891324	-0.013426957
eff3p1tri_GAC	43.21763095	0.015448817
eff3p4tri_ACA	17.25784736	0.009728271
eff3p3tri_GCA	1.129410827	-0.00248998
eff3p5tri_AAC	8.159212876	0.006698105
eff5p5tri_GTC	1.27E-05	-8.33E-06
eff3p5tri_CAA	4.094072203	-0.004738325
effmd1di_TA	51.12008591	-0.017218165
eff5p3tri_GCA	0.188291948	0.001015433
eff3p1tri_GTA	6.508860569	-0.005998485
eff3p2tri_AAC	83.73018073	-0.02135909
eff5p4tri_TCC	111.9001895	-0.024769299
eff3p4tri_TGA	11.37616159	0.007902885
eff5p1tri_GCG	72.20878996	-0.019826244
eff3p2tri_CTC	107.2696004	-0.024219541
eff5p4tri_GCG	58.23322906	-0.01783413
eff5p3tri_GTT	58.90385591	0.017934324
eff3p5tri_GTG	73.56966234	0.020079975
eff3p2tri_GTT	0.768338437	-0.002046633
eff3p2tri_TAC	76.37433605	0.020353063
effmd2tri_TCG	53.90439883	-0.017154584
eff5p4tri_TGG	9.218175158	-0.007115055
effmd2tri_CCA	27.48015818	-0.012223421
effmd3di_CA	34.62971483	-0.013998464
eff5p1tri_TTT	104.1494167	0.02391819
effmd4tri_ACG	4.879798756	0.005164295
effmd5tri_ACA	35.09935598	-0.013867378
effmd3tri_AGT	53.46794037	-0.017175008
effmd1di_CG	43.16735986	-0.015570869
eff5p5di_TT	66.62937489	0.019563754
eff5p4tri_TAT	2.490183599	0.003682189
eff3p3tri_TTA	50.75707586	-0.01663667
eff5p4tri_CGT	55.10487101	-0.017339677
effmd4di_CT	97.00701845	-0.023440479
eff5p2tri_ATC	82.95569487	-0.021267785
effmd1tri_CTA	38.02926598	-0.014444383
effmd3tri_ATG	0.000657491	-6.02E-05
eff3p4tri_AGT	16.47031193	-0.009493591
effmd1tri_GTC	0.791450283	-0.00207382
eff3p1tri_GGG	45.87715152	-0.015913813
effmd2tri_CGG	14.698401	-0.008960992
effmd1tri_TCG	18.73877138	-0.010118952
eff3p3tri_CTG	98.4424382	0.023149233
eff5p5tri_CGT	11.80241946	-0.008004707
effmd3tri_CGT	35.78262145	-0.013951914
eff5p1tri_CCG	9.925750442	-0.007338061
eff3p5tri_CCC	34.26286229	-0.013619155
eff5p2tri_CGG	38.23306856	-0.014455463
eff3p4di_AC	1.948584164	-0.003345004
eff3p4di_CC	206.2817898	-0.034107826
effmd5tri_TGC	1.937692065	0.003248107
eff5p2tri_GAC	17.76170425	-0.009877553
effmd3tri_AGA	112.8666136	0.025095554
eff5p2di_TC	30.59490696	-0.013182879
eff5p1di_CG	19.85812621	-0.010570395
eff5p1tri_GTG	34.05227271	-0.013628498
eff5p1tri_CTT	11.44475421	-0.007885011
effmd1tri_AAC	20.08870009	0.010491437
eff5p4tri_GCA	6.093546063	-0.005768557
eff3p1di_TC	0.621402244	-0.001872419
eff3p1tri_TTG	34.44826653	0.013670948
eff5p5tri_GCT	2.26219397	0.003519579
eff5p2tri_AAG	37.54593002	0.014381482
effmd4di_GG	40.19165282	0.015261832
eff3p5tri_CCA	19.19346132	-0.010216699
eff3p2tri_TGA	19.57690542	0.010390862
effmd1tri_AGC	24.33369989	-0.011511008
effmd4tri_TGA	0.094812734	0.000722586
eff3p5tri_GCC	9.876138618	-0.007311473
eff3p1tri_ATA	0.361812763	0.001408373
eff3p2tri_GAA	27.62317574	0.012257787
effmd3tri_TAT	0.819247861	-0.002114006
eff5p3tri_TGG	242.6491346	0.03659777
eff5p3di_TT	24.51417186	0.011772049
eff5p2tri_TAA	4.606723736	0.005019857
eff5p3tri_GTA	0.095142639	-0.000723494
eff3p1tri_CTG	133.6017666	0.027012839
eff5p4tri_GGA	337.2373506	0.043475892
eff5p5tri_TGA	131.4154022	0.026913624
eff3p4tri_CGC	95.51054033	0.022747667
eff3p2di_TG	5.202758318	-0.005552927
eff3p5tri_CAC	67.27827309	-0.019149074
effmd1di_CT	77.98004322	-0.021095749
eff5p4tri_CTC	4.082501852	0.004719103
eff5p4tri_CAG	46.11008586	-0.015865689
eff3p3di_AA	91.68094282	-0.022580388
eff3p4tri_CTG	0.200405109	-0.001043299
eff3p1tri_AAC	21.39600051	-0.010778493
effmd1tri_TTT	32.90540569	0.013410643
eff5p1_3p3_TA	11.3274253	0.008025525
eff3p3di_CT	37.74732755	-0.014662752
effmd2di_AA	30.32066544	0.013306162
eff5p4tri_GAT	49.02751138	0.016475029
eff5p1_3p3_AA	15.28513735	-0.009396607
effmd2tri_ACA	26.46155166	-0.012029355
effmd2di_CA	82.92561015	-0.021689164
eff3p2tri_TCC	1.166716002	-0.002521903
effmd4tri_TAG	11.69306666	-0.008029968
eff3p5tri_TTT	0.006134675	-0.0001838
eff5p1di_GT	46.60120614	-0.016194437
eff5p3tri_ACA	44.64326559	-0.01566165
effmd5tri_CGA	15.98101495	0.009381592
effmd5di_TA	15.11706556	-0.009310846
eff3p1tri_TAC	22.67053519	-0.011118207
eff5p1tri_ATT	148.1369193	0.028458794
mircheck_conclu52_MIR_BULGE	38.35041752	-0.014583302
effmd5tri_TGT	141.7909077	0.027856261
effmd1tri_CCC	25.83152737	-0.011827798
effmd1di_AG	11.49998475	-0.008211361
eff3p2tri_AAG	62.75318951	-0.018465731
effmd3tri_ACT	69.12618972	-0.019490697
eff3p4tri_ACT	0.673308211	0.001920902
effmd1di_TG	65.7278792	0.019788852
eff5p1tri_ACG	0.002472922	0.00011605
eff3p3tri_CCG	19.02293255	-0.010186762
eff3p3tri_CCT	57.89151756	-0.017756289
effmd2tri_GTA	470.9122625	0.050819201
eff3p5tri_ATA	53.65245902	0.017114355
eff3p5tri_TAG	48.85244224	0.016368696
eff3p5tri_TGT	7.277057821	0.006307097
eff5p1_3p3_GG	12.60797345	0.008482176
eff5p4tri_TCG	6.904585863	-0.00613121
effmd1tri_TGA	4.888516987	0.005201401
effmd3tri_TAC	85.00318108	-0.021623294
eff5p1_3p3_GC	5.296309211	-0.005499962
effmd4tri_TTG	367.6809979	0.044969777
eff3p1tri_CCA	2.038020453	-0.003346163
eff3p4tri_TCT	0.280822972	0.001238344
effmd2tri_GAG	4.762403825	-0.005127616
eff5p1tri_CGG	18.87174834	-0.010164767
eff3p4tri_GCG	33.56387138	-0.013525726
eff3p4tri_GCA	5.711587045	-0.005570634
effmd3tri_GAG	136.8560008	0.027431314
effmd1tri_ACA	44.66443131	-0.015631987
effmd2tri_TGG	181.1854196	0.031639407
effmd1tri_GTT	1.085109248	-0.002442192
eff3p2tri_GTA	18.81039635	-0.010174446
effmd1tri_GGC	101.8249471	-0.023611156
effmd5di_GC	42.01026385	-0.01542265
effmd3tri_ACG	1.573045149	-0.002930192
eff5p2tri_TAT	2.700518758	0.003837137
effmd2di_TA	2.090471468	0.003476888
eff3p1tri_TGT	1.500073933	0.002864675
eff5p4tri_CGA	44.60412925	-0.015591732
eff3p3tri_CCC	49.59346317	-0.016430133
effmd1tri_CGA	4.491326727	-0.004952699
effmd3tri_CGC	12.82134544	0.008337588
effmd1di_TC	15.29741679	-0.009290345
eff3p3tri_AAT	0.114808624	0.000790399
eff3p3tri_TGA	14.24936986	0.008818165
eff5p3tri_ACT	0.012639608	-0.000264047
effmd1tri_GGT	0.068131722	-0.000610018
eff3p2tri_CGC	2.458489387	-0.003652818
eff5p2tri_GCT	0.232307074	0.001124872
eff5p4tri_CAC	89.8517575	-0.022148203
effmd2tri_TTT	30.58200955	-0.01295731
eff5p3tri_ATC	20.39789479	-0.010537025
eff3p1tri_AAT	19.31082547	0.010235649
eff3p4tri_GTT	169.2758024	0.030461362
eff5p3tri_GCT	3.834261352	-0.004582022
eff5p1tri_TGA	110.7046213	0.024756083
effmd3tri_GCC	15.05451086	-0.009026927
effmd5tri_GAA	6.361975325	0.005926567
eff5p1tri_CCC	27.4267445	-0.012180219
eff3p5tri_CGA	3.203421436	-0.004193043
eff5p2tri_GGT	38.58249306	0.014514549
eff5p2tri_AAT	89.45914903	0.022084996
effmd3tri_CTA	204.8307534	-0.033620959
effmd1tri_TGC	0.276471633	0.001226444
eff3p4di_AG	4.318881045	0.005022762
eff3p5tri_TAC	31.11439038	-0.013041142
eff5p5di_CC	250.1344785	-0.037494773
effmd4tri_GAA	16.17610916	-0.009475625
effmd2tri_TCC	53.86827908	-0.017094746
effmd5tri_TCC	16.48260517	-0.009459216
effmd4tri_ACC	87.491843	-0.021884404
effmd1di_CC	168.6012441	-0.030557034
eff3p4tri_TTA	0.526251031	0.001694638
eff3p1tri_TCT	68.26713531	-0.019282931
effmd4tri_GCT	94.75357994	0.022752088
effmd5tri_AAC	32.62350149	-0.013383172
eff3p5tri_GAA	22.85722715	0.011222392
eff5p3tri_GCC	27.57623703	-0.012227796
eff3p3tri_AAC	15.51045007	-0.009263328
effmd2tri_CTC	11.73149749	-0.008000472
effmd4tri_TTC	52.84703096	-0.016968096
effmd3di_AA	0.000832319	6.98E-05
eff5p1tri_CAC	2.741281135	-0.003851036
effmd4tri_AGG	37.04931379	0.014255305
eff3p2tri_ATC	31.30023836	-0.013050746
eff5p4tri_TTC	8.826743072	-0.006935892
eff3p1tri_TTT	5.870588048	-0.005660093
effmd4tri_CGC	31.55174229	-0.013064422
mircheck_conclu52_FBACK_SHORT	27.62382992	-0.012285797
eff3p1tri_GCC	7.183889227	0.006252832
eff5p5tri_CTG	0.111216995	0.000778665
effmd2tri_GTG	6.915557767	-0.006157319
effmd4tri_TCC	22.00745194	-0.010927624
eff3p4tri_TGG	66.36706372	0.019232138
eff5p3tri_GGA	0.764141979	0.002078036
effmd5tri_GTC	2.943523672	0.004003813
eff3p2tri_GGG	14.43191807	-0.008885143
effmd2tri_GCT	47.50178257	-0.01610457
eff3p3tri_CCA	94.86065587	-0.022749782
eff3p5tri_TGG	5.287026893	-0.005422401
eff3p2tri_TCT	30.92629232	0.013010271
effmd1tri_TGG	3.037376129	-0.004112476
eff3p2tri_CCA	15.33156424	-0.009138395
eff5p1tri_TAC	290.9629434	0.039757393
eff3p1tri_CGA	2.979804295	0.004059606
eff5p2tri_ACG	12.35835578	0.008233164
effmd3tri_AGG	3.414557767	0.004337215
eff3p1tri_GCG	22.63910464	0.011085983
eff5p1tri_TGT	61.2634286	0.018318132
eff3p1tri_GCA	107.9085037	0.024474392
eff3p4tri_CTC	108.4857566	-0.024391953
eff5p4tri_CTG	19.15107568	0.010229249
eff3p1di_CA	0.000239651	3.75E-05
effmd1tri_TGT	208.1422121	0.033969904
eff5p4tri_GAA	39.37480972	0.014814876
eff3p4tri_GGG	118.4030367	-0.025492615
eff3p4tri_ACG	0.010932525	0.000244345
eff3p5tri_GTT	10.39411566	-0.007548591
eff5p1tri_ATC	100.0911768	-0.023502238
mircheck_conclu25_3prime	0.21060216	-0.001071431
eff3p2tri_GGC	30.44972996	0.012975212
eff5p2tri_CAT	7.457692459	-0.006370339
eff3p2tri_GTG	18.23070711	-0.01005074
eff5p4tri_ACC	106.5191773	-0.02409991
effmd5tri_AAA	82.04103042	-0.021328657
eff5p5tri_CAA	1.18557714	0.002549842
eff5p5tri_GCA	7.612503715	0.006440502
effmd1di_GC	29.90716731	-0.013031389
eff3p1tri_GGC	71.59700118	0.019823067
eff5p2tri_CGC	29.12743583	-0.012557069
eff5p2tri_AGA	0.466213184	-0.001611265
effmd1tri_CGG	19.09734756	-0.010206723
eff3p4tri_GTA	2.865081458	-0.003943537
eff3p5tri_AAG	2.236255081	0.003523436
effmd1tri_TAC	100.2362114	-0.02349315
eff5p5tri_CTA	21.48985193	-0.010820718
eff5p4tri_AAG	18.3948727	0.010078706
eff5p3tri_GGG	16.59745067	-0.009550488
eff3p4tri_GCC	6.688196221	-0.006017618
eff5p5tri_TGC	0.134355274	0.000854791
effmd3tri_TGC	51.17092966	0.016703537
effmd5tri_CAA	39.78726866	0.014768684
mircheck_conclu_MIR_ASSYMETRY	12.47686931	0.008228792
eff3p4tri_TCC	18.46999359	-0.010020009
eff3p5tri_CGC	3.732990072	-0.004493389
eff5p5tri_CGC	2.679165781	-0.003805272
eff5p4tri_AAT	14.62621319	0.008932351
effmd5tri_ATA	2.013286946	0.003323478
effmd5tri_TAA	18.67072018	0.010113999
effmd3tri_GTG	7.708428189	-0.006515087
mircheck_conclu25_MIR_ASSYMETRY	0.621265304	0.001837026
eff3p5di_AA	26.01171647	-0.012346615
effmd2tri_GCG	16.0518384	-0.009340142
eff5p3tri_TAG	79.07141637	0.020763276
effmd3tri_TCT	67.38061821	-0.019173616
effmd2tri_GCA	0.426927772	0.001527759
effmd1tri_GAA	92.49467497	0.022631781
effmd5tri_TTA	71.33527064	-0.019799465
eff5p5tri_GTG	21.10625252	-0.010761475
effmd4di_CA	4.99512098	-0.005314388
effmd2tri_GTC	6.435473437	-0.005915785
eff5p4tri_CCA	76.31969723	-0.020376806
eff5p3tri_CGA	77.45526751	-0.020589655
eff3p5di_GC	1.905565298	-0.003259077
eff3p2tri_TAG	7.215540186	-0.006259748
eff5p4di_AT	60.47749884	0.018666895
eff3p4tri_CGG	31.57367115	-0.013157264
effmd5tri_AGT	1.178308035	0.002538535
effmd2tri_CGA	34.04366928	-0.013638721
eff3p2di_AG	158.2676436	-0.029706496
eff3p3tri_GTA	5.230589419	0.005330246
eff5p3tri_GTG	1.085851125	-0.002438801
eff3p3tri_ACC	2.634437959	-0.003789528
effmd3tri_GTT	0.57837473	-0.001778023
effmd3tri_GAT	152.2545231	0.029013374
mircheck_conclu52_3prime	48.65740583	-0.016413863
eff3p5tri_CTA	0.937627482	0.002254718
eff3p5tri_TAT	2.209935609	-0.003468618
effmd2tri_GGA	10.16442134	0.007501574
effmd2tri_CAT	30.40245736	-0.012882598
eff3p3tri_CTC	0.095000435	-0.000721699
eff5p5tri_AAC	23.45438546	0.011341515
effmd4tri_TAA	46.55040522	-0.015979648
eff5p1tri_GGT	6.592109567	-0.005985491
eff3p3tri_CAG	13.66445617	0.008626108
effmd5tri_TCG	23.71482779	-0.011385717
effmd1tri_CAA	13.20982275	0.008509708
eff3p4tri_CAG	11.27798842	-0.007838325
eff3p1tri_ACC	58.55323779	-0.017873403
eff5p4tri_TTA	25.81907485	0.011853742
eff3p1di_CG	0.946928028	-0.002280617
eff5p3tri_GAT	23.95073233	0.011514759
eff5p4tri_TAA	1.658471593	-0.00301328
eff5p3tri_GTC	50.54053687	-0.016666022
eff3p3tri_TCG	15.81361086	-0.009317942
eff5p3tri_GGC	0.106405575	0.000765008
eff5p2tri_GCA	19.26567548	-0.010261239
eff3p2tri_ATA	9.936809921	0.007356169
eff3p4di_CA	0.379967422	0.001464532
effmd4tri_ATG	257.5005722	0.037636366
eff5p2tri_CCG	34.1631547	-0.013623092
eff5p2tri_TGT	46.84656397	0.016004216
effmd5tri_GTG	0.916184477	0.002240756
eff3p2tri_GAT	33.52609661	0.013522241
eff3p4tri_GAG	10.90273402	0.007767589
effmd2tri_TGA	11.89535088	0.008107335
effmd3tri_AAA	8.641494816	-0.006901918
eff5p1tri_TCA	22.52919871	0.011110731
eff5p3tri_ACC	64.85471795	-0.018809828
eff3p5tri_GGG	3.414139157	-0.004316546
effmd5tri_GGT	0.525649673	0.001695544
eff5p2di_TA	0.577415075	-0.001825797
eff3p2tri_TTG	6.476469978	-0.005985064
effmd2tri_CAG	35.03712077	-0.013869257
effmd5tri_TGG	387.9007509	0.046178559
effmd2tri_CTT	24.25175461	-0.011502701
effmd3tri_TTC	20.51455369	-0.010574138
eff5p4tri_GTA	0.110389687	-0.000779664
effmd4tri_GTT	18.855273	-0.010172952
eff3p2tri_TAA	31.13775854	-0.013015023
eff5p3tri_AAT	38.52883765	0.014522743
eff3p1tri_TAG	14.05341312	0.008743971
effmd4tri_CCA	0.903878643	0.002217059
eff3p2tri_AAA	1.259034035	0.002613177
eff3p4tri_GCT	60.16307818	0.018091942
eff5p4tri_CAA	45.79359506	0.01588494
mircheck_conclu52_MIR_ASSYMETRY	6.49E-05	-1.88E-05
eff3p4tri_GGT	23.05908152	-0.011262934
eff5p1_3p3_CT	41.92786708	-0.015195542
eff3p3tri_AAG	38.68232116	0.014585693
eff3p4tri_TTC	43.80310559	-0.015466782
eff3p1tri_ACG	1.909278871	-0.003212959
effmd5tri_GAC	14.4486592	0.008929211
eff3p3tri_CGG	31.18591314	-0.013127207
eff3p3tri_CGA	17.3944456	-0.00971065
effmd2tri_AAA	11.66293797	-0.008016147
effmd3tri_GCA	28.71479985	0.012518601
eff3p4di_CG	32.3968589	-0.013551616
effmd1tri_AGG	2.634748712	-0.003801499
eff3p1tri_GTC	3.35929656	0.004273128
eff3p5tri_TCC	81.01292955	-0.021021913
eff3p3tri_TGT	36.64984281	-0.014140909
eff3p3tri_GCC	18.26100074	-0.009953235
effmd2di_GC	46.99573785	-0.016236049
effmd2tri_TAT	19.7103499	-0.010376943
eff5p3tri_CAA	27.37597838	0.012262358
eff5p3tri_AAG	32.28181644	0.013439261
eff5p2tri_CGA	91.41683255	-0.022377495
effmd5tri_GGA	0.975808065	0.002326148
eff3p5tri_GTA	55.28911778	0.017368878
eff5p1tri_GGG	1.307817571	0.002672864
eff5p5tri_CAG	10.23663116	-0.007459075
effmd3tri_ACA	4.081809096	0.004719939
effmd4tri_ATA	0.207228384	0.001064213
effmd3tri_CCT	63.60317669	-0.018585018
eff5p5tri_AGT	148.8890303	-0.02875546
eff5p3tri_CTG	8.258070335	-0.006716346
mircheck_conclu_FBACK_SHORT	48.81501577	-0.016346116
eff5p5tri_TAT	1.414213401	0.002773529
eff5p1tri_TTA	10.48326038	0.007568661
eff5p5tri_GAC	16.76798617	0.009625169
effmd1tri_AAA	0.091806588	-0.000710591
eff5p5tri_AAA	1.689965513	0.003062321
eff5p1tri_GCA	10.91134547	-0.007700952
eff5p2tri_GTA	41.14032309	0.014987214
eff3p5tri_CGT	10.49714512	0.007557665
effmd1tri_TAG	1.19578285	0.002569899
effmd1tri_GAG	102.7598342	0.023813685
eff5p1tri_TTC	67.8093207	0.019249592
eff5p4tri_TAG	8.004945528	-0.006628635
effmd1tri_CCG	93.80893802	-0.022605379
effmd1tri_CTT	15.68061744	-0.009259455
eff3p2tri_TTC	17.2710854	-0.009709028
eff5p2tri_TTC	6.682790026	-0.006023605
eff3p2tri_AGC	39.07142445	0.014612611
eff5p5tri_TAG	11.43284379	0.007935783
eff3p3tri_CTA	0.045208603	-0.000495003
effmd5tri_CTG	13.93239475	0.008713663
eff5p5tri_CCG	39.8640353	-0.014697525
eff5p5tri_AAT	0.829650232	-0.002134107
eff5p1_3p3_CG	15.30805638	0.009295647
effmd4tri_GCC	5.446674577	-0.005437121
eff3p3tri_TAG	27.50155194	0.012259547
eff3p1tri_CTA	16.27078046	0.009474093
eff5p5tri_GGG	13.76461414	0.008663587
eff3p2tri_GCG	21.25570399	-0.010787292
effmd1tri_GCT	7.75510593	-0.006526576
effmd2tri_ACC	14.20691727	-0.008799595
eff5p2tri_TCG	19.0838626	-0.010203704
effmd1tri_GAT	330.5108257	0.042779329
eff5p1tri_ACC	63.7662569	-0.018640794
effmd4di_TC	1.471917436	-0.002887439
eff5p3di_CC	156.1063071	-0.029478479
eff3p5tri_TTG	50.56517509	0.016684808
eff5p2tri_CAG	36.61152908	-0.014153027
effmd5tri_ACG	0.568555152	0.001764824
eff5p4tri_TCA	5.736135736	0.005586843
eff5p1tri_CAA	6.696848132	0.006045846
eff3p5tri_AGC	0.121171861	-0.000812465
effmd3tri_GCT	35.76040054	0.013949441
eff3p4tri_ACC	123.5008191	-0.026102538
effmd5tri_GCA	66.37377814	-0.019165935
effmd3tri_TGT	96.12700493	0.022914196
effmd3tri_TTG	16.58013133	-0.009586898
eff3p2tri_ATG	0.170601592	0.000970582
eff5p3tri_TAT	22.50514286	0.011074769
eff3p1tri_GTG	39.89522411	0.014812966
effmd2tri_GCC	21.59369188	-0.010808793
effmd2tri_CAC	49.24293709	-0.016349999
eff5p4tri_TGC	12.70571327	-0.00832722
effmd5di_GT	25.18520198	0.012001449
eff3p4tri_TCG	0.043074538	0.000485626
mircheck_conclu25_MIR_BULGE	1.087327429	-0.00245427
eff3p1tri_GTT	8.152984502	0.006692347
effmd5tri_CTA	41.07829174	-0.014958973
eff3p1tri_TGG	5.480036345	-0.005492006
eff5p1tri_TCC	39.02446525	-0.014594776
eff3p1tri_TCC	38.10418714	-0.014429146
eff5p2tri_AAC	4.84326833	-0.00514949
eff5p3tri_AAC	19.70627926	-0.01039252
effmd2tri_AGC	8.687537523	-0.006880138
eff_strand_B	69.96033872	-0.019545367
eff3p3tri_ATT	0.286248297	-0.001251291
effmd4tri_ACT	48.353685	-0.016289034
eff3p3tri_AGG	32.33883297	0.013353791
eff3p5tri_AGA	2.058352144	0.003386525
eff5p4tri_TGA	180.3618339	0.031493725
effmd3tri_AAG	8.344761944	0.006793064
eff5p5tri_CAC	28.34809867	-0.0123965
effmd4tri_CCC	43.62253511	-0.015362967
effmd1tri_CGT	80.08835642	-0.020894204
eff5p5tri_GAA	6.078939784	0.005810132
eff3p2tri_TGG	57.27389082	0.017908061
effmd5di_CA	6.796017194	0.006253884
eff3p2tri_CAT	22.92260158	-0.011244657
eff5p1tri_GTT	17.62040408	-0.009793875
effmd1tri_GAC	63.18871454	-0.018634745
eff5p4tri_AAA	0.98738729	0.002327111
effmd5tri_ATC	29.45407474	-0.012694705
eff3p1di_AT	1.451178004	-0.002899898
effmd3tri_GGC	9.616707912	0.007278271
eff5p1tri_TGC	4.273741128	0.004825329
eff3p2tri_TTA	10.47027219	-0.007545563
mircheck_conclu52_5prime	10.78839678	-0.00766768
mircheck_conclu_5prime	37.24134433	-0.014286246
mircheck_conclu_3prime	0.003241889	-0.000133019
effmd5tri_TTT	6.622895213	-0.006027921
effmd5tri_TTG	6.669035782	0.006049231
effmd5tri_TTC	3.51049968	-0.004368273
effmd5tri_TGA	0.807185274	0.002112223
effmd5tri_TAT	30.73588225	-0.012942031
effmd5tri_TAG	0.905038564	0.002227707
effmd5tri_GTA	1.15829873	0.002515527
effmd5tri_GGG	2.52298347	-0.003710129
effmd5tri_GCC	5.213901678	-0.005311935
effmd5tri_GAT	54.16652811	0.017346134
effmd5tri_CTT	2.465927128	-0.003671063
effmd5tri_CTC	9.727368127	-0.007301149
effmd5tri_CCT	69.2970714	-0.019412045
effmd5tri_CCG	1.032764812	-0.002367808
effmd5tri_CCC	9.65819437	-0.007223881
effmd5tri_CCA	87.83246412	-0.021915928
effmd5tri_CAT	13.12329814	0.008480421
effmd5tri_CAG	1.592336097	-0.002953129
effmd5tri_ATG	23.75251212	0.011474922
effmd5tri_ACT	14.45484786	-0.008877231
effmd5tri_AAT	14.28928906	-0.008847883
effmd5tri_AAG	0.407342742	-0.001502131
effmd5di_CG	17.25784111	0.009900631
effmd4tri_TTT	7.369874899	-0.006355048
effmd4tri_TTA	38.20993433	-0.014447418
effmd4tri_TGT	0.106533477	0.000763559
effmd4tri_TCT	1.564527418	-0.002919023
effmd4tri_TCG	9.208337051	0.007104822
effmd4tri_TCA	1.526412208	-0.00288943
effmd4tri_TAC	53.34402236	-0.017061179
effmd4tri_GTG	19.40941217	-0.010328814
effmd4tri_GTC	23.95212372	-0.011411641
effmd4tri_GTA	26.61199857	0.012097422
effmd4tri_GGT	0.501658807	-0.001656427
effmd4tri_GGG	1.900431761	-0.003216718
effmd4tri_GGC	0.409344746	0.001495702
effmd4tri_GCG	7.498468837	0.006405217
effmd4tri_GAT	90.47566854	0.022444895
effmd4tri_GAG	6.257891548	0.005870146
effmd4tri_GAC	7.152557569	-0.006267403
effmd4tri_CTT	20.65202647	-0.010625766
effmd4tri_CTG	1.447519412	0.002807236
effmd4tri_CTC	47.01174429	-0.016007962
effmd4tri_CTA	79.86997824	-0.020884662
effmd4tri_CGG	40.78556952	-0.014933427
effmd4tri_CGA	1.783743281	0.003118573
effmd4tri_CCG	0.432966572	-0.001531829
effmd4tri_CAG	5.141872654	0.005293439
effmd4tri_CAC	1.573023585	-0.002920891
effmd4tri_ATT	1.181976607	0.002542365
effmd4tri_AGC	2.029015552	-0.003323668
effmd4tri_ACA	5.247887424	-0.005378936
effmd4tri_AAC	17.96244567	-0.009927844
effmd4tri_AAA	24.24723783	-0.0115995
effmd4di_TT	13.39585895	0.00876691
effmd4di_CG	1.347947124	-0.002752054
effmd4di_AT	60.59479396	0.01865958
effmd3tri_TTT	7.916617003	-0.006587354
effmd3tri_TGA	23.98070784	-0.011512056
effmd3tri_TCG	62.76962649	0.018532305
effmd3tri_TCC	9.517204042	-0.007183994
effmd3tri_GTC	0.18820967	-0.001012027
effmd3tri_GTA	2.214408788	0.0034788
effmd3tri_GAC	13.81093738	-0.008718154
effmd3tri_GAA	29.68337326	0.01282853
effmd3tri_CTG	0.064998744	-0.000594486
effmd3tri_CGA	36.19942128	-0.014060498
effmd3tri_CCG	9.309558709	-0.007095791
effmd3tri_CCC	6.045599574	-0.005723854
effmd3tri_CCA	15.27619173	-0.009112278
effmd3tri_CAT	1.79437263	0.003125891
effmd3tri_CAG	8.387517402	-0.006757514
effmd3tri_CAC	11.86554354	-0.008043461
effmd3tri_CAA	36.57684765	-0.014152402
effmd3tri_ATC	0.987917738	-0.002330178
effmd3tri_AGC	49.38990786	0.016430356
effmd3tri_AAT	0.204918601	-0.001058712
effmd3tri_AAC	0.101864786	0.000747382
effmd3di_TA	14.10688406	0.009041185
effmd3di_GC	0.055704734	0.000558069
effmd3di_CC	80.15838182	-0.021048695
effmd2tri_TTG	113.2340431	0.024956198
effmd2tri_TGT	66.71786634	0.019092531
effmd2tri_TCT	6.14478516	0.005780037
effmd2tri_TAG	41.90521177	0.015225643
effmd2tri_GTT	68.02597118	-0.019369166
effmd2tri_GGT	4.921055218	0.005189456
effmd2tri_GGG	92.89903146	-0.022619404
effmd2tri_GGC	0.14978151	0.000903487
effmd2tri_GAA	1.18415947	0.00256636
effmd2tri_CTA	28.86622631	-0.012575128
effmd2tri_CGT	35.63836342	-0.013933733
effmd2tri_CGC	24.42443906	-0.011496168
effmd2tri_CCT	29.83496832	-0.012716585
effmd2tri_CCG	4.929532131	-0.005179206
effmd2tri_CAA	0.03117698	-0.000412358
effmd2tri_ATT	22.0257116	0.01097863
effmd2tri_ATG	248.8608976	0.037018126
effmd2tri_AGT	48.86174695	-0.016386214
effmd2tri_AGG	3.616160109	0.004465879
effmd2tri_ACG	5.776122205	-0.005612822
effmd2tri_AAG	168.1472574	0.030487935
effmd2di_GG	4.496804251	-0.005116072
effmd2di_CC	57.38732359	-0.017831976
effmd2di_AT	55.81038576	0.018029398
effmd1tri_TTG	63.64860607	0.018736754
effmd1tri_TCT	1.230786196	0.00259112
effmd1tri_TCA	5.631558628	-0.005539405
effmd1tri_TAT	1.67988461	-0.003027073
effmd1tri_GTG	0.241431341	-0.001150866
effmd1tri_GTA	0.618996469	-0.001849289
effmd1tri_GGG	14.42675525	0.008874238
effmd1tri_GGA	34.43924847	0.013841024
effmd1tri_GCG	0.023129165	0.000354329
effmd1tri_GCC	10.13379845	-0.007412094
effmd1tri_GCA	20.15179598	-0.010522815
effmd1tri_CTG	0.206461747	0.001062095
effmd1tri_CTC	69.98084119	-0.019520536
effmd1tri_CCA	24.34678989	-0.011484437
effmd1tri_CAT	45.4716409	-0.015803204
effmd1tri_CAG	12.76225046	-0.008337336
effmd1tri_CAC	42.59814717	-0.015201016
effmd1tri_ATT	1.451559654	-0.002817501
effmd1tri_ATA	91.20153962	0.02233242
effmd1tri_AGT	12.09126793	-0.008127434
effmd1tri_ACG	30.64813265	-0.01291939
effmd1tri_ACC	25.33449124	-0.011734317
effmd1tri_AAT	1.083975138	0.00243843
effmd1tri_AAG	66.67029373	0.019183817
eff5p5tri_TTG	3.53947247	0.004412556
eff5p5tri_TTC	10.5090975	0.007554612
eff5p5tri_TTA	94.05814587	0.022687474
eff5p5tri_TGT	4.721444349	-0.005087379
eff5p5tri_TCT	1.820124859	0.003154156
eff5p5tri_TCC	90.29621978	-0.022180161
eff5p5tri_TCA	0.733335367	0.002001342
eff5p5tri_TAA	12.49258988	-0.008264712
eff5p5tri_GTT	1.369453529	-0.002736327
eff5p5tri_GTA	16.26098864	-0.009443981
eff5p5tri_GGT	33.66549467	-0.013574109
eff5p5tri_GCG	16.56725706	-0.009518886
eff5p5tri_GAG	20.2433543	-0.010569221
eff5p5tri_CGG	3.894929081	0.004614782
eff5p5tri_CCC	16.01305051	-0.009309744
eff5p5tri_CAT	23.7146503	-0.011387013
eff5p5tri_ATT	299.4794338	0.040469266
eff5p5tri_AGG	10.34491805	0.007525303
eff5p5tri_AGC	3.500033848	-0.004368315
eff5p5tri_AGA	17.63869965	0.009886861
eff5p5tri_ACT	50.7876996	-0.01679907
eff5p5tri_ACG	0.944681838	-0.002272183
eff5p5tri_ACC	10.49067494	-0.007553774
eff5p5tri_AAG	80.38386512	0.021065127
eff5p5di_AG	17.20896094	-0.010061686
eff5p4tri_TTG	73.94196189	0.02013563
eff5p4tri_TGT	0.629586617	-0.001852742
eff5p4tri_TAC	7.838332606	0.006526786
eff5p4tri_GTT	4.513647913	0.004973541
eff5p4tri_GTG	2.102522622	-0.003390396
eff5p4tri_GTC	7.580604394	-0.006425488
eff5p4tri_GGT	10.12311151	-0.007444496
eff5p4tri_GGG	0.227990218	0.001116759
eff5p4tri_GGC	0.995028007	-0.002335323
eff5p4tri_CTT	3.198905859	-0.004189017
eff5p4tri_CGC	0.801985562	-0.002083009
eff5p4tri_CCT	3.970465398	-0.00464859
eff5p4tri_CCG	40.88366601	-0.014897426
eff5p4tri_CAT	6.326467476	-0.005877628
eff5p4tri_ATT	69.22181197	0.019449737
eff5p4tri_ATG	66.32920595	0.019098608
eff5p4tri_ATC	37.97656412	-0.014431679
eff5p4tri_ATA	31.90851778	0.013204424
eff5p4tri_AGT	0.017221743	0.000307662
eff5p4tri_AGC	12.84565055	0.008372952
eff5p4tri_ACT	58.06208872	-0.017849435
eff5p4di_TA	0.31290241	-0.001333794
eff5p3tri_TTG	80.83844775	0.021016352
eff5p3tri_TTC	0.095465502	0.000720086
eff5p3tri_TTA	19.13631566	-0.010224273
eff5p3tri_TGT	0.08499568	0.000681779
eff5p3tri_TCT	15.960419	0.009321185
eff5p3tri_TCG	21.17485642	-0.010729844
eff5p3tri_TCC	6.261540896	-0.005828199
eff5p3tri_TAA	17.89976309	0.009869568
eff5p3tri_GGT	2.095063281	0.003384589
eff5p3tri_GAC	63.77688364	-0.01874374
eff5p3tri_GAA	28.56006883	-0.012584013
eff5p3tri_CTC	5.134986268	-0.005288956
eff5p3tri_CTA	0.040813097	0.000470825
eff5p3tri_CGC	19.1417143	-0.010170886
eff5p3tri_CCT	23.11809277	-0.011199211
eff5p3tri_CCG	43.87698745	-0.015434245
eff5p3tri_CCC	66.29442449	-0.018973263
eff5p3tri_CAT	0.671053115	-0.001912997
eff5p3tri_CAG	61.28665052	-0.01831739
eff5p3tri_CAC	63.99819029	-0.018649072
eff5p3tri_ATT	35.44870902	0.013925923
eff5p3tri_ATG	8.849675994	0.006974648
eff5p3tri_ATA	15.39788504	0.009158637
eff5p3tri_AGT	4.319210693	-0.004889549
eff5p3tri_AGG	41.68625522	0.015164646
eff5p3tri_AGA	2.012048473	0.003356428
eff5p3tri_ACG	0.075751974	-0.000642647
eff5p3tri_AAA	12.32432164	0.008228479
eff5p3di_TA	135.1088092	0.027539898
eff5p3di_GT	1.224486398	-0.002661928
eff5p2tri_TTT	75.26871561	0.020286352
eff5p2tri_TTG	17.33864741	0.009758674
eff5p2tri_TTA	53.0932599	0.017005634
eff5p2tri_TGG	17.28350735	0.009796831
eff5p2tri_TCT	0.040286215	0.000469602
eff5p2tri_TCC	47.568265	-0.016080317
eff5p2tri_TCA	1.681784141	-0.003033794
eff5p2tri_GTT	52.66690925	0.016932606
eff5p2tri_GTG	18.69269979	-0.010122586
eff5p2tri_GGG	21.85511564	-0.010987257
eff5p2tri_GGC	43.43036482	-0.015425115
eff5p2tri_GCG	41.78347238	-0.01506223
eff5p2tri_GAT	1.373634544	0.002751816
eff5p2tri_CTT	36.14505893	-0.014064769
eff5p2tri_CTA	5.599431497	-0.005516793
eff5p2tri_CGT	18.16015497	0.009927168
eff5p2tri_CCT	53.55437134	-0.017050138
eff5p2tri_CAC	10.51376698	-0.007569271
eff5p2tri_AGG	10.56737527	0.007671879
eff5p2tri_AGC	1.728174926	0.003082318
eff5p2tri_ACT	4.606940201	0.005009723
eff5p2tri_ACC	61.58559978	-0.018335779
eff5p2tri_ACA	11.35345354	0.007874378
eff5p2di_GC	41.45402627	-0.015229209
eff5p1tri_TTG	1.804556312	0.003156438
eff5p1tri_TGG	1.722805091	0.003098688
eff5p1tri_TAG	0.218198747	0.001093185
eff5p1tri_GTC	48.82982335	-0.016263712
eff5p1tri_GTA	1.363164909	0.002731778
eff5p1tri_GGC	65.80927773	-0.018904892
eff5p1tri_GGA	63.86043407	-0.018691718
eff5p1tri_GCT	7.128412526	0.006222194
eff5p1tri_GCC	57.96271832	-0.017723533
eff5p1tri_GAT	1.774851826	-0.003111053
eff5p1tri_CTG	1.973022583	0.003270524
eff5p1tri_CTC	3.999554796	-0.004664141
eff5p1tri_CTA	44.49778179	-0.015555889
eff5p1tri_CGC	1.523426001	-0.002869569
eff5p1tri_CGA	18.09133822	-0.009978523
eff5p1tri_CCT	28.71717671	-0.012472712
eff5p1tri_CAT	10.77901374	-0.007650536
eff5p1tri_CAG	33.99797006	-0.013618444
eff5p1tri_AGT	0.693957281	0.001951654
eff5p1tri_AGG	54.07193504	-0.017349302
eff5p1tri_AGC	29.39675261	-0.012686095
eff5p1tri_ACT	0.027278897	-0.000386917
eff5p1tri_ACA	0.531649445	-0.001710002
eff5p1tri_AAC	2.4576013	-0.003695648
eff5p1di_GC	69.62493705	-0.019682952
eff5p1di_CC	98.27437033	-0.023284106
eff5p1_3p3_CA	120.3653983	-0.025649768
eff3p5tri_TTC	0.000895627	-6.98E-05
eff3p5tri_TTA	11.5726528	-0.007943806
eff3p5tri_TCT	0.040127747	0.000466943
eff3p5tri_GTC	24.92017966	0.011639775
eff3p5tri_GGT	133.5821915	0.027039969
eff3p5tri_GGC	8.353756014	-0.006747189
eff3p5tri_GCT	0.159441789	-0.000931147
eff3p5tri_GCG	30.14098315	-0.012807589
eff3p5tri_GCA	70.69044629	0.019639049
eff3p5tri_GAT	49.31459519	0.016513095
eff3p5tri_GAG	135.6660178	0.027463824
eff3p5tri_CCT	24.79198966	-0.01159003
eff3p5tri_CCG	10.30178547	-0.007474674
eff3p5tri_CAT	61.64078615	-0.0184354
eff3p5tri_ATT	8.677380674	-0.006898706
eff3p5tri_ATC	10.49338144	0.007579981
eff3p5tri_AGT	31.46360468	0.013106208
eff3p5tri_AGG	12.44883229	-0.008285248
eff3p5tri_ACC	22.20743807	-0.011008297
eff3p5tri_ACA	0.666804799	0.001911519
eff3p5tri_AAT	1.752067359	-0.003095039
eff3p5tri_AAA	3.036407754	-0.004090016
eff3p5di_TT	25.8673376	-0.012227043
eff3p5di_TC	0.80668112	-0.002137475
eff3p5di_TA	43.35256447	0.015621266
eff3p5di_AT	1.873244384	-0.003298362
eff3p4tri_TTT	28.8412377	-0.012602798
eff3p4tri_TGT	0.558556505	0.001744898
eff3p4tri_TCA	1.113940141	0.002464232
eff3p4tri_TAT	7.213101727	0.006262381
eff3p4tri_TAG	0.224938048	0.001108537
eff3p4tri_TAC	54.4222707	0.017215376
eff3p4tri_TAA	9.143689502	0.007055705
eff3p4tri_GTG	68.520955	0.019385751
eff3p4tri_GTC	0.442308943	0.001552162
eff3p4tri_GGC	19.89019007	-0.010445798
eff3p4tri_GGA	18.68096796	0.010160007
eff3p4tri_CTA	34.35343784	-0.013687139
eff3p4tri_CGT	11.03780164	0.007769853
eff3p4tri_CGA	9.11109944	-0.007061811
eff3p4tri_CCT	17.00520901	-0.009605372
eff3p4tri_CCG	50.53155373	-0.016580828
eff3p4tri_CCA	11.12814166	-0.007778539
eff3p4tri_CAC	3.196624909	-0.004168462
eff3p4tri_ATT	19.8612292	0.01041428
eff3p4tri_ATG	22.59285509	0.01117712
eff3p4tri_ATA	2.194600078	-0.003454795
eff3p4tri_AGG	1.544751976	0.002925615
eff3p4di_TA	17.39879396	-0.009883606
eff3p4di_AA	0.186665234	0.001035642
eff3p3tri_TTC	0.077630884	-0.000650912
eff3p3tri_TGC	13.93229591	-0.00873202
eff3p3tri_TCT	24.38313396	-0.011531142
eff3p3tri_TAT	30.62669978	-0.012888367
eff3p3tri_TAC	1.09238236	-0.002440078
eff3p3tri_GTT	16.65717353	-0.00955548
eff3p3tri_GTG	4.816139589	0.005146627
eff3p3tri_GTC	28.211622	-0.012434826
eff3p3tri_GGT	36.81821904	-0.014287269
eff3p3tri_GGG	1.530182217	0.002904128
eff3p3tri_GCT	4.367070042	-0.004890698
eff3p3tri_GAT	8.9152748	0.007023129
eff3p3tri_GAC	0.389067079	-0.001469541
eff3p3tri_GAA	9.461973442	-0.007168816
eff3p3tri_CTT	9.483276674	-0.007196334
eff3p3tri_CGT	16.92387844	-0.009600126
eff3p3tri_CGC	14.19783942	0.008785227
eff3p3tri_CAT	15.39973209	-0.009156618
eff3p3tri_CAA	14.91268607	-0.008999786
eff3p3tri_ATC	307.1245371	0.041101863
eff3p3tri_ATA	13.48940541	0.00855346
eff3p3tri_AGC	7.007333731	-0.006223787
eff3p3tri_AGA	0.051973694	0.000532403
eff3p3tri_ACG	10.70712585	0.007674018
eff3p3tri_AAA	4.471903436	-0.004925877
eff3p3di_TC	45.30302513	0.016170351
eff3p3di_TA	2.726421941	-0.003894582
eff3p2tri_TTT	14.28198141	-0.008837273
eff3p2tri_TGT	5.877544108	0.005657859
eff3p2tri_TCG	24.03641046	0.011516925
eff3p2tri_TCA	10.33213011	0.007524172
eff3p2tri_TAT	5.74227062	-0.005585895
eff3p2tri_GTC	34.69791789	-0.013737101
eff3p2tri_GCA	0.006674518	0.000192135
eff3p2tri_GAG	32.65367408	-0.013317678
eff3p2tri_CTT	4.287389097	0.004837219
eff3p2tri_CTG	9.473450401	0.007195474
eff3p2tri_CTA	45.89245725	-0.015831142
eff3p2tri_CGT	0.018916677	-0.000321472
eff3p2tri_CCT	64.60793655	-0.018772419
eff3p2tri_CCC	48.13827434	-0.016242197
eff3p2tri_CAA	10.40793839	0.007523683
eff3p2tri_AGT	5.512706894	0.00549482
eff3p2tri_AGA	93.22787677	0.02265934
eff3p2tri_ACG	16.8160096	-0.009621866
eff3p2tri_ACA	18.62910402	0.01014982
eff3p2tri_AAT	2.016769933	-0.00330635
eff3p2di_CT	67.46454166	0.019784707
eff3p2di_AT	3.61857917	-0.00452736
eff3p1tri_TGC	28.78103901	-0.012561687
eff3p1tri_TCG	8.62298959	-0.006830919
eff3p1tri_TAT	26.86452865	-0.012121666
eff3p1tri_GCT	66.19262821	0.019027732
eff3p1tri_GAT	40.62444663	0.014944896
eff3p1tri_GAG	52.62575066	0.016979174
eff3p1tri_CGG	49.20132689	-0.016463833
eff3p1tri_CCT	173.2574615	-0.030899704
eff3p1tri_CCG	16.79503941	-0.009535386
eff3p1tri_CAG	121.3785643	0.025725243
eff3p1tri_CAC	8.361426663	0.006748925
eff3p1tri_CAA	1.158601844	0.002532843
eff3p1tri_ATG	45.45075888	0.015725473
eff3p1tri_AGT	38.92887701	-0.014550864
eff3p1tri_AGC	72.59070823	-0.01986612
eff3p1tri_AGA	28.27133502	-0.012412788
eff3p1tri_ACA	13.94437174	-0.008750734
eff3p1tri_AAG	27.02252788	-0.012137592
eff3p1tri_AAA	109.8211304	0.02443106
eff3p1di_AC	3.103111459	0.00420371
