feature	importance(chi2)	correlation(pointbiserialr)
premfe	607.4662030114212	-0.14886541975184311
dist_5p	447.63806629290104	0.1225412297443185
dist_3p	425.38760674949543	0.11735530258497463
fback_start	16.38492478105381	-0.010071338790992052
fback_stop	18.02670721759926	-0.010547736072086256
paired_percentage	15.090099309141301	0.0227162999768677
paired_roll3	13.316669236946879	0.021349632354343263
paired_roll5	12.354228504970683	0.020757277971212844
paired_roll7	13.19910992457674	0.021182351116329785
length_longest_bulge	0.8365618641813355	-0.005451691899949032
length_longest_loop	1.4385551463224489	0.004126968667079359
longest_paired_length	11.308010672040462	0.02003405134074335
NBtripletA	106.74459623012754	0.03356890385312795
NBtripletT	7.693384518461658	0.008511458020121352
NBtripletC	554.5928131500344	-0.062524570632216
NBtripletG	197.37592128451635	-0.04214236033890822
AAA(((	0.27272250728420705	0.006857045833688762
AAA((.	0.021027344697478932	-0.0026639455874466053
AAA(.(	0.0003212259463403776	0.0004905823813673398
AAA.((	0.8488754907917361	0.016920594721395434
AAA..(	0.40255608061416	0.010046822321038977
AAA.(.	0.004003033160607045	0.0022800755172630387
AAA(..	0.8722604413032438	0.014224826758312001
AAA...	3.1498607597182864	0.016484697545762466
TTT(((	1.455182515484153	0.011527554043030522
TTT((.	0.9029813338551549	-0.016333297172455026
TTT(.(	0.017444924406908823	0.002939639645530358
TTT.((	0.498700396945757	0.012424935378410419
TTT..(	0.44266486668145694	0.012552933698474064
TTT.(.	0.004003033160607045	0.0022800755172630387
TTT(..	0.03324869739448654	0.003541152945283641
TTT...	0.002685656101957059	-0.0007385929983664691
CCC(((	4.020900797815174	-0.032994366584435574
CCC((.	0.583908574098891	-0.018152121929269866
CCC(.(	0.003931081485419296	-0.002202236940056998
CCC.((	0.5734157847654121	-0.017024620213339076
CCC..(	0.28855924948954603	-0.0145900431409515
CCC.(.	0.004003033160607045	0.0022800755172630387
CCC(..	1.262392409529534	-0.02631152083832094
CCC...	1.5690981717289032	-0.023804195001275064
GGG(((	13.568830927028879	-0.0339684447029457
GGG((.	1.5966181612139905	-0.021077885259847252
GGG(.(	0.12219901609044535	-0.009743476999256567
GGG.((	0.567573480811875	-0.013628987339205575
GGG..(	0.11054373084299705	-0.007966292181912513
GGG.(.	0.004003033160607045	0.0022800755172630387
GGG(..	0.027139668713969316	-0.004743165006160714
GGG...	0.10099418718907968	0.006901541214104451
A.(.	0.004003033160607045	0.0022800755172630387
T.(.	0.004003033160607045	0.0022800755172630387
C.(.	0.004003033160607045	0.0022800755172630387
G.(.	0.004003033160607045	0.0022800755172630387
A(.(	0.28742941793803733	0.0038075102036032996
T(.(	0.6779431895006721	0.006813323162282585
C(.(	3.310864226667171	-0.01666849954554199
G(.(	1.072055514222137	0.009720057378304479
occ_bulgeAllnt	2.2180968616727847	0.009245890174908296
occ_bulge1nt	0.9092410386791226	0.006225556098444208
occ_bulge2nt	1.909582659253841	0.009600671843125855
occ_bulge3nt	1.5383602365588165	0.010205960575379898
occ_bulge4nt	0.719259239636261	0.008577466170290043
occ_bulge5nt	0.901637732553022	-0.01168551758837748
occ_bulge6nt	0.09694023729562361	0.0048686857449190945
occ_bulge7nt	0.5543186546804731	-0.013433040054972378
occ_bulge8nt	0.1655505113620022	-0.008363323709677194
occ_bulge9nt	0.0003084142039390321	0.0004505160580102925
occ_bulge10nt	0.012455073170092902	0.0031803656015717864
occ_bulge11nt	0.0005494458136635541	-0.0007130163913741488
occ_bulge12nt	6.311563947458043e-05	-0.00029620549194352727
occ_bulge13nt	0.0011173542117691518	0.001318523413977524
occ_bulge14nt	0.007293519677744884	-0.0035983244189292936
occ_bulge15nt	0.0016992743391656495	0.0018543978692858658
occ_bulge16nt	6.209311188528946e-06	0.0001157413194407495
occ_bulge17nt	2.606916982105628e-06	-7.676333522922154e-05
occ_bulge18nt	0.00033509204392934047	0.0008956223185514513
occ_bulge19nt	0.0010514938039138156	0.001586522399675833
occ_bulge20nt	0.001058682810555375	0.0016266260754432041
occ_bulge21nt	0.009390116850356487	0.004850515241798672
occ_bulge22nt	0.004003033160607045	0.0022800755172630387
occ_bulge23nt	0.004003033160607045	0.0022800755172630387
occ_loopAllnt	0.383064741556542	0.004552754473021541
occ_loop3nt	1.9799779387771936	0.02099165802767272
occ_loop4nt	0.17874800272896582	-0.004464163520249959
occ_loop5nt	1.2370722898674782	-0.01644382036436567
occ_loop6nt	0.013078433264450316	0.0015100075189415686
occ_loop7nt	0.00019018557427560604	-0.0002553121433627719
occ_loop8nt	1.334076826796282	0.018875873359873837
occ_loop9nt	0.11712229194909024	-0.008870882759890095
occ_loop10nt	0.8539318717430748	0.027858298756671
occ_loop11nt	0.02642996932059179	-0.0054204699249313665
occ_loop12nt	0.022768205523078042	-0.0055183306062665345
occ_loop13nt	0.001455499678223547	-0.0015796471240353402
occ_loop14nt	0.0017650579740627799	-0.0016835268107790807
occ_loop15nt	0.00024610085641198795	0.0007144750411719414
occ_loop16nt	0.0160842511058866	0.005982220479124723
occ_loop17nt	5.370657101850984e-05	0.0003528622051272172
occ_loop18nt	0.00011195262349465985	0.0005118523846299717
occ_loop19nt	0.001733234251887141	0.0020878774958546864
occ_loop20nt	0.004100676493757955	0.003217594679441235
occ_loop21nt	0.004003033160607045	0.0022800755172630387
occ_loop22nt	0.004003033160607045	0.0022800755172630387
occ_loop23nt	0.004003033160607045	0.0022800755172630387
BestScore	719.6423036856457	0.15469281033718627
mircheck_conclu_3prime	0.003241889203160524	-0.0001330194093150782
mircheck_conclu_5prime	37.24134433013456	-0.014286246155500604
mircheck_conclu_FAILED_MIR_EXTENSION	1.328212131703798	0.002823783639017124
mircheck_conclu_FBACK_SHORT	48.81501576681198	-0.01634611592903185
mircheck_conclu_MIR_ASSYMETRY	12.476869313229612	0.00822879231135793
mircheck_conclu_MIR_BULGE	18.22743264689331	0.010035417870713126
mircheck_conclu_MIXED_PAIRING	66.73160664004992	0.020225357656116674
mircheck_conclu_NONPAIRING	9.002003532271749	-0.012743057608515056
eff5p1_A	4.427030947446582	-0.006390393712731977
eff5p1_C	130.8808836751485	-0.028516440656181377
eff5p1_G	211.49643104016525	-0.037358489911793975
eff5p1_T	513.9527476435734	0.061536794642224994
eff5p2_A	85.87491916714556	0.025419523915832336
eff5p2_C	92.81917955245893	-0.024741270581086078
eff5p2_G	20.265470374488604	-0.012443475614932933
eff5p2_T	11.064583504961558	0.008852116304407125
eff5p3_A	10.670636189806034	0.009107277575497875
eff5p3_C	127.37068563196357	-0.0288335604569137
eff5p3_G	49.44620310550898	-0.019857186098648626
eff5p3_T	244.58994751506344	0.04046697076229712
eff5p4_A	5.452453992773417	0.006408226444702956
eff5p4_C	175.53422923659454	-0.034182174258518355
eff5p4_G	28.48049503156557	0.014933840773884922
eff5p4_T	11.316410179995486	0.00880679251466478
eff5p5_A	0.3544410710395097	0.001660217718916308
eff5p5_C	246.55275621247188	-0.04021568678439842
eff5p5_G	21.944587970016723	0.01282564720570677
eff5p5_T	62.377922075337835	0.020946205529134856
eff3p1_A	9.068245913805374	0.00874061061208618
eff3p1_C	27.60710853641295	-0.013627091513609585
eff3p1_G	29.839986098101182	0.01406508904385818
eff3p1_T	13.149600184215588	-0.009746894479809812
eff3p2_A	77.3425959200206	0.02359597498188891
eff3p2_C	101.80999786296229	-0.02637340540401069
eff3p2_G	15.047178296843757	-0.010760175144720635
eff3p2_T	23.20454485017638	0.012811733556791553
eff3p3_A	138.07857195868354	-0.02984089559503551
eff3p3_C	9.395597479337605	-0.008378901498762078
eff3p3_G	427.4469102736972	0.058295072012251606
eff3p3_T	121.93306060656809	-0.029308978879469323
eff3p4_A	30.22152459879844	0.014615708353630456
eff3p4_C	253.10528322391843	-0.04198050707062404
eff3p4_G	1.92586538499692	0.0038307734716205143
eff3p4_T	70.02277896268738	0.022341190595499334
eff3p5_A	44.69405028004719	0.01823174773886449
eff3p5_C	69.37582279304661	-0.02140875148303453
eff3p5_G	6.677524393220115	0.007177448050046491
eff3p5_T	7.6406990666208285	-0.007356882198495219
effmd1_A	9.066213860151873	0.008180295168668668
effmd1_C	269.1561395116894	-0.041936400732060425
effmd1_G	42.67239113656405	0.017983479714827985
effmd1_T	12.046203118176175	0.009406590058172007
effmd2_A	45.40431536033568	0.018648910918838708
effmd2_C	292.4663834791845	-0.043675426618048775
effmd2_G	0.5326589014079836	0.0020094590011409457
effmd2_T	39.00458268311029	0.016642298679621227
effmd3_A	4.498586767144799	0.00590653020783586
effmd3_C	256.4844796380103	-0.04075572421255204
effmd3_G	65.2993876681851	0.021957489569490986
effmd3_T	5.4972960484647935	0.006315701436632696
effmd4_A	47.03290835078516	0.018898090436709005
effmd4_C	106.28175231326487	-0.026184476260184143
effmd4_G	57.935319500137	0.020968230509486187
effmd4_T	51.02219242540076	-0.019218654359569737
effmd5_A	1.0113672337663195	-0.002784042167320239
effmd5_C	9.918352479286542	-0.008171319877670984
effmd5_G	18.26213064072458	0.011585853846598038
effmd5_T	0.2698571633790173	-0.0013807891946964572
eff5p1di_AA	14.164500626067422	0.00941694658655092
eff5p1di_AC	15.401756861031869	-0.009393505480537618
eff5p1di_AG	68.75926243740939	-0.020548796507150448
eff5p1di_AT	12.624436217647286	0.008670996455063388
eff5p1di_CA	15.051824166983744	-0.009172227812855307
eff5p1di_CC	98.27437032650732	-0.023284105768285594
eff5p1di_CG	19.858126209446628	-0.010570394753120207
eff5p1di_CT	32.389132401131974	-0.013426956618510693
eff5p1di_GA	37.257681423490006	-0.014658883679349788
eff5p1di_GC	69.62493704828593	-0.019682952487784695
eff5p1di_GG	71.98903002131946	-0.020146537829634173
eff5p1di_GT	46.6012061444702	-0.01619443732049751
eff5p1di_TA	783.1072616303678	0.06642323307910852
eff5p1di_TC	0.47367145653679715	-0.001656031334549704
eff5p1di_TG	115.42989633009915	0.02609094234383331
eff5p1di_TT	124.26294294373096	0.02683479207854808
eff5p2di_AA	154.81219577841924	0.029929662212495378
eff5p2di_AC	0.6434846563673255	0.0019145750360212623
eff5p2di_AG	19.413601951783555	-0.010896313077811557
eff5p2di_AT	212.8351402779795	0.034614154639458834
eff5p2di_CA	2.3377214776390876	-0.003646849408864272
eff5p2di_CC	178.73782021498874	-0.03155627123163502
eff5p2di_CG	92.06069759541434	-0.022747607723450906
eff5p2di_CT	6.197400551245228	0.00594971875071699
eff5p2di_GA	6.834834578805389	-0.006466414959849462
eff5p2di_GC	41.45402627421042	-0.015229208828826024
eff5p2di_GG	23.46564080462289	-0.011812924888782939
eff5p2di_GT	30.47543608342032	0.013116201000708972
eff5p2di_TA	0.5774150746690438	-0.001825797312574194
eff5p2di_TC	30.594906959858523	-0.013182878640973521
eff5p2di_TG	12.59035871380726	0.008544837787901296
eff5p2di_TT	89.38471003575997	0.022528176835147004
eff5p3di_AA	35.7446182717711	0.014531406026208749
eff5p3di_AC	52.46068198202433	-0.017393667635985238
eff5p3di_AG	6.3881273045024205	0.006180937598533193
eff5p3di_AT	21.975037402904047	0.01119372874652051
eff5p3di_CA	21.254258849592816	-0.011005202372184053
eff5p3di_CC	156.10630709666546	-0.029478479270738177
eff5p3di_CG	26.59327300430539	-0.01224884740505506
eff5p3di_CT	2.3614051546728883	-0.003648018579273717
eff5p3di_GA	30.622367343442974	-0.013562130308265809
eff5p3di_GC	59.96697952866845	-0.018473763359589855
eff5p3di_GG	0.2503779988277727	-0.0012244099325056674
eff5p3di_GT	1.2244863979708887	-0.0026619280781823005
eff5p3di_TA	135.10880923598555	0.027539898048404447
eff5p3di_TC	0.16938600290475772	0.000975248598933802
eff5p3di_TG	172.39712080797386	0.03158113977024368
eff5p3di_TT	24.51417186454092	0.011772049023908632
eff5p4di_AA	6.8946265287887885	0.006339018822101168
eff5p4di_AC	74.8531046347083	-0.02065331927228488
eff5p4di_AG	3.5120147295036865	0.004561726595255031
eff5p4di_AT	60.477498838527396	0.018666895239062977
eff5p4di_CA	20.905760718496946	-0.010950450232506488
eff5p4di_CC	150.64021572269294	-0.028959959768447605
eff5p4di_CG	113.71897134988366	-0.02530633298176659
eff5p4di_CT	1.167860753681204	-0.002580958608048006
eff5p4di_GA	6.204718045559932	0.006162169931885123
eff5p4di_GC	13.67541514605341	-0.008784237944615508
eff5p4di_GG	114.93757862660784	0.026023505012963685
eff5p4di_GT	0.8391789135028462	-0.002196273164041064
eff5p4di_TA	0.3129024102464675	-0.0013337941801377221
eff5p4di_TC	56.798690788500984	-0.017926807952256943
eff5p4di_TG	15.99225150008715	0.009588073493578044
eff5p4di_TT	104.43987994945446	0.02436419812082972
eff5p5di_AA	50.80800863015185	0.017326290715636666
eff5p5di_AC	54.843354800691415	-0.01786398697181473
eff5p5di_AG	17.208960937616673	-0.010061685703368
eff5p5di_AT	33.21042160999028	0.01381064978419478
eff5p5di_CA	28.289372810444245	-0.012639341564618881
eff5p5di_CC	250.13447851075304	-0.03749477338701118
eff5p5di_CG	42.32853837410685	-0.01542833308486432
eff5p5di_CT	18.56468160860111	-0.010263609865632045
eff5p5di_GA	101.8412724519939	0.02483533137846885
eff5p5di_GC	0.7284458260757486	-0.002027933895454661
eff5p5di_GG	5.3593014337874125	0.0055641397814123715
eff5p5di_GT	28.090466294964795	-0.012681418289371646
eff5p5di_TA	2.321594657199892	0.00364189169756855
eff5p5di_TC	27.549770366077286	-0.01250658172769837
eff5p5di_TG	105.24806120527067	0.024627113509853055
eff5p5di_TT	66.62937488898203	0.019563754010178677
eff3p1di_AA	73.08166555828974	0.020685771715238024
eff3p1di_AC	3.1031114589425535	0.004203709749406879
eff3p1di_AG	75.4151202306379	0.02066668192264682
eff3p1di_AT	1.4511780040605577	-0.0028998980322814004
eff3p1di_CA	0.000239650671240858	3.754963698810289e-05
eff3p1di_CC	63.48643793492924	-0.018943195542379297
eff3p1di_CG	0.9469280278837052	-0.002280617272560341
eff3p1di_CT	125.60713197851776	-0.026864506644792157
eff3p1di_GA	2.292664922534354	-0.003732401551689614
eff3p1di_GC	13.88260220413039	-0.00889348822936289
eff3p1di_GG	108.10772428652312	-0.02504008516926254
eff3p1di_GT	65.76259391157606	0.019437201651480693
eff3p1di_TA	0.11512969525978145	-0.0008229903920658355
eff3p1di_TC	0.6214022437797098	-0.001872419207654684
eff3p1di_TG	228.19810585929326	0.03596639250841276
eff3p1di_TT	8.985716183882468	-0.007178879351619432
eff3p2di_AA	3.8632828440130518	0.004641947444547625
eff3p2di_AC	118.81436558836819	-0.025945431123109233
eff3p2di_AG	158.267643553821	-0.029706496229330963
eff3p2di_AT	3.6185791703494963	-0.004527359883826734
eff3p2di_CA	6.4864162221806	0.006156919025603972
eff3p2di_CC	142.8996684258201	-0.028570212180324413
eff3p2di_CG	38.35699851250058	-0.014937026756743832
eff3p2di_CT	67.4645416554543	0.01978470701762919
eff3p2di_GA	256.1211182719664	0.03888378699667435
eff3p2di_GC	193.3485905587353	0.03330528015168057
eff3p2di_GG	63.183576843282566	0.01947506623102462
eff3p2di_GT	15.266926394022502	0.009418441877893627
eff3p2di_TA	36.16076015198717	-0.014344802905229216
eff3p2di_TC	174.06898738618216	-0.031349762550425334
eff3p2di_TG	5.202758318175095	-0.005552926944248371
eff3p2di_TT	4.832146771026769	-0.005225142604172085
eff3p3di_AA	91.68094281780486	-0.022580388367912638
eff3p3di_AC	1.5607532409884954	-0.003028984803341412
eff3p3di_AG	353.7827104620539	0.045324609948731935
eff3p3di_AT	1.968662989430033	-0.003344941944722694
eff3p3di_CA	92.94159641912623	-0.023026752204927257
eff3p3di_CC	223.70699626984313	-0.03567244017647594
eff3p3di_CG	3.0698685354266457	-0.0042054386113325026
eff3p3di_CT	37.74732755428046	-0.014662751579595727
eff3p3di_GA	5.808844584050218	-0.005731465427553785
eff3p3di_GC	2.4878762518210285	0.0038112162868592933
eff3p3di_GG	78.86812696778333	0.021739518415092245
eff3p3di_GT	57.43540930268652	-0.01822788688709678
eff3p3di_TA	2.726421941314674	-0.003894582217078057
eff3p3di_TC	45.30302513037609	0.01617035147880008
eff3p3di_TG	219.0965783482435	0.03592876838516054
eff3p3di_TT	43.308419663920475	-0.015768694964327024
eff3p4di_AA	0.1866652335911613	0.0010356420533984539
eff3p4di_AC	1.9485841640880954	-0.003345003666140554
eff3p4di_AG	4.318881044559634	0.005022762231041459
eff3p4di_AT	134.5185035999456	0.027990598821953552
eff3p4di_CA	0.37996742246430837	0.0014645322033523802
eff3p4di_CC	206.28178977756875	-0.03410782557290087
eff3p4di_CG	32.39685890458978	-0.013551615882089526
eff3p4di_CT	7.401940823379312	0.006464888983991754
eff3p4di_GA	118.82377895314698	0.026532509198953853
eff3p4di_GC	7.598239147292326	-0.006582054800419982
eff3p4di_GG	2.732100091358464	-0.004034204199128382
eff3p4di_GT	8.048028214224647	-0.006797228801124128
eff3p4di_TA	17.39879395656399	-0.009883605916739204
eff3p4di_TC	192.1416353602644	-0.03328970829677587
eff3p4di_TG	53.36139035526398	0.01759432660787926
eff3p4di_TT	18.822468785656845	0.010403148023288457
eff3p5di_AA	26.01171646586492	-0.012346614893773221
eff3p5di_AC	15.069710885853276	-0.009344416658477534
eff3p5di_AG	29.38816251578271	0.013220349794340032
eff3p5di_AT	1.8732443836834938	-0.003298361868036984
eff3p5di_CA	3.6667460636009186	0.004557534097291711
eff3p5di_CC	133.98055981383976	-0.027325830208157806
eff3p5di_CG	1.5514254562776146e-05	-9.391954793321316e-06
eff3p5di_CT	115.99841003425956	-0.02562814328595573
eff3p5di_GA	96.92192181294543	0.024145019984855173
eff3p5di_GC	1.9055652980058129	-0.003259077187513672
eff3p5di_GG	52.604565842513686	-0.01755923780576831
eff3p5di_GT	141.17528434391303	0.02832467625099677
eff3p5di_TA	43.35256446673116	0.01562126623875998
eff3p5di_TC	0.8066811195774092	-0.0021374752589024713
eff3p5di_TG	43.93267831916454	0.016000653825694558
eff3p5di_TT	25.867337597346005	-0.01222704291780188
effmd1di_AA	47.69992353108375	0.016693262023871586
effmd1di_AC	168.57955289036022	-0.030947205621734523
effmd1di_AG	11.499984746161916	-0.00821136072507617
effmd1di_AT	208.62797835940373	0.0345917718639624
effmd1di_CA	34.173469907572695	-0.013941251314575166
effmd1di_CC	168.60124407434404	-0.030557033910018985
effmd1di_CG	43.167359862427716	-0.0155708690707464
effmd1di_CT	77.98004322030421	-0.021095748571574955
effmd1di_GA	258.9432539333193	0.03929029374928892
effmd1di_GC	29.907167308234666	-0.01303138871405158
effmd1di_GG	0.41199744549331296	0.0015473043751936628
effmd1di_GT	2.458759202702229	-0.0037740260671549957
effmd1di_TA	51.120085909628166	-0.017218164581377652
effmd1di_TC	15.297416792516394	-0.009290345271113826
effmd1di_TG	65.72787919897527	0.01978885222995064
effmd1di_TT	73.16153116174651	0.02043247863004112
effmd2di_AA	30.32066543559218	0.013306161984364354
effmd2di_AC	99.67253304384094	-0.02394626999681343
effmd2di_AG	83.4251034301225	0.02212608933198254
effmd2di_AT	55.810385763497436	0.018029397655916928
effmd2di_CA	82.92561014584147	-0.021689164212988925
effmd2di_CC	57.38732358545536	-0.01783197555471865
effmd2di_CG	101.07410763517187	-0.023841754033732003
effmd2di_CT	58.39940269264461	-0.018248473936382747
effmd2di_GA	15.360934300619691	0.009645558688923188
effmd2di_GC	46.99573785295698	-0.016236049235252067
effmd2di_GG	4.4968042513410875	-0.005116071670812941
effmd2di_GT	15.980411801131307	0.009601510834139217
effmd2di_TA	2.0904714683981513	0.0034768881402860623
effmd2di_TC	54.53689128396862	-0.017481487957882964
effmd2di_TG	244.54956003144173	0.03770314353986237
effmd2di_TT	0.12348825090681886	-0.0008423707050804821
effmd3di_AA	0.0008323193347117408	6.980570023025316e-05
effmd3di_AC	50.02886458295121	-0.016910234351021798
effmd3di_AG	41.09019533438086	0.015624045725526343
effmd3di_AT	10.69464178635168	0.007897328125340736
effmd3di_CA	34.62971482798455	-0.01399846376307527
effmd3di_CC	80.15838181860238	-0.021048695237362088
effmd3di_CG	65.94285747403151	-0.019265021451922514
effmd3di_CT	90.77085560379052	-0.022728849180778735
effmd3di_GA	169.2632376889596	0.031722001425110016
effmd3di_GC	0.0557047338557466	0.0005580694187051873
effmd3di_GG	3.5472311373663574	0.004563779671337467
effmd3di_GT	2.235938588432204	-0.0035777466775396075
effmd3di_TA	14.10688406261182	0.009041184862971903
effmd3di_TC	27.155297659455833	-0.012390053672171032
effmd3di_TG	148.00758539082335	0.029327958679674925
effmd3di_TT	56.11636500508668	-0.018016008271619713
effmd4di_AA	50.35860136342121	0.017210640841455946
effmd4di_AC	67.8751630306272	-0.01982740432725119
effmd4di_AG	46.79063945551989	0.01651227562145268
effmd4di_AT	60.594793963256585	0.01865957952893773
effmd4di_CA	4.995120979824989	-0.005314388309887318
effmd4di_CC	58.83021678317741	-0.018066475241756818
effmd4di_CG	1.3479471244395858	-0.002752053849428668
effmd4di_CT	97.00701845044854	-0.02344047928413466
effmd4di_GA	10.262475373094656	0.007843004805995903
effmd4di_GC	102.39164500002488	0.024139201424633043
effmd4di_GG	40.19165282110684	0.015261832259242554
effmd4di_GT	12.945291595428689	-0.008643317090981033
effmd4di_TA	150.05331624871428	-0.02941783960218593
effmd4di_TC	1.4719174361824225	-0.0028874387723993515
effmd4di_TG	15.224611578716893	-0.00944879735241381
effmd4di_TT	13.395858946823079	0.008766910163042641
effmd5di_AA	92.2966099825847	-0.023374485201407256
effmd5di_AC	61.5484344741826	-0.01873486926692747
effmd5di_AG	152.71525696697205	0.029865186800746565
effmd5di_AT	7.126320245559514	0.006444274416848188
effmd5di_CA	6.796017193603058	0.006253884139054427
effmd5di_CC	140.30952487680906	-0.02796363520881294
effmd5di_CG	17.257841109573544	0.009900631224037403
effmd5di_CT	14.017096597922055	-0.008926628726816798
effmd5di_GA	76.65916504912643	0.021372038665843834
effmd5di_GC	42.010263845566534	-0.015422649678631132
effmd5di_GG	1.2023333908079001	-0.0026335207976230022
effmd5di_GT	25.185201982962734	0.012001449204511263
effmd5di_TA	15.11706555869607	-0.009310846082228765
effmd5di_TC	137.22194498628824	-0.027816881044021833
effmd5di_TG	290.9810541388678	0.04105933968146939
effmd5di_TT	28.542030652708867	-0.012813494223640115
eff5p1tri_AAA	10.680369608469318	0.0077116485609685466
eff5p1tri_AAC	2.4576012997732035	-0.003695648425280652
eff5p1tri_AAG	12.968555240970234	-0.008628898927124973
eff5p1tri_AAT	251.24888262660707	0.03709007291443725
eff5p1tri_ACA	0.5316494445424544	-0.0017100020568011746
eff5p1tri_ACC	63.76625689888959	-0.018640794183176854
eff5p1tri_ACG	0.002472921653075112	0.00011605001131030285
eff5p1tri_ACT	0.027278897442698374	-0.0003869169616620054
eff5p1tri_AGA	18.467247721205773	-0.010273726003943098
eff5p1tri_AGC	29.396752608490544	-0.012686094790435387
eff5p1tri_AGG	54.07193503906895	-0.017349302327850105
eff5p1tri_AGT	0.6939572808347607	0.0019516543707347512
eff5p1tri_ATA	0.28577574246464743	-0.0012590521652210552
eff5p1tri_ATC	100.09117677348833	-0.02350223768549425
eff5p1tri_ATG	54.87124739802324	0.017453131652190777
eff5p1tri_ATT	148.13691926590403	0.028458793933220518
eff5p1tri_CAA	6.696848131897087	0.006045846020866081
eff5p1tri_CAC	2.7412811351512376	-0.0038510364921349955
eff5p1tri_CAG	33.99797005669345	-0.013618444082875278
eff5p1tri_CAT	10.779013742006072	-0.007650535939583479
eff5p1tri_CCA	39.1320589599344	-0.01457982899794873
eff5p1tri_CCC	27.4267445011322	-0.012180218646965786
eff5p1tri_CCG	9.92575044231155	-0.007338060841782224
eff5p1tri_CCT	28.717176709404253	-0.012472712263313
eff5p1tri_CGA	18.091338223522293	-0.00997852267643355
eff5p1tri_CGC	1.523426001128092	-0.002869568533498021
eff5p1tri_CGG	18.871748337218566	-0.010164766783608021
eff5p1tri_CGT	32.06006910736826	0.013164399641009406
eff5p1tri_CTA	44.497781792541005	-0.015555889448441324
eff5p1tri_CTC	3.9995547959356887	-0.004664140735229269
eff5p1tri_CTG	1.9730225830933796	0.0032705235475179372
eff5p1tri_CTT	11.444754209365831	-0.007885010781521125
eff5p1tri_GAA	14.21711895316398	-0.008807747343309809
eff5p1tri_GAC	75.4965905876534	-0.020294469283551515
eff5p1tri_GAG	0.07610165855202043	-0.0006501214090473511
eff5p1tri_GAT	1.77485182625258	-0.0031110531801655014
eff5p1tri_GCA	10.911345465298174	-0.007700951776716924
eff5p1tri_GCC	57.962718315885624	-0.017723532898606936
eff5p1tri_GCG	72.20878995713768	-0.019826244402422668
eff5p1tri_GCT	7.128412526192824	0.006222194326045961
eff5p1tri_GGA	63.8604340711038	-0.018691718013658695
eff5p1tri_GGC	65.80927772912592	-0.018904892398618377
eff5p1tri_GGG	1.3078175707156223	0.002672863958572798
eff5p1tri_GGT	6.592109567462247	-0.0059854906491162065
eff5p1tri_GTA	1.3631649087849567	0.0027317775995180016
eff5p1tri_GTC	48.82982335212544	-0.016263711825107188
eff5p1tri_GTG	34.0522727062638	-0.013628497884490864
eff5p1tri_GTT	17.620404082087603	-0.009793874526281172
eff5p1tri_TAA	669.6756577746714	0.06043265388621983
eff5p1tri_TAC	290.9629434122151	0.03975739285159074
eff5p1tri_TAG	0.21819874653267787	0.0010931847831122795
eff5p1tri_TAT	269.2203740540999	0.03824288599568512
eff5p1tri_TCA	22.52919871439941	0.011110730876848293
eff5p1tri_TCC	39.024465248205566	-0.0145947764994238
eff5p1tri_TCG	50.3890695420936	-0.01659930147099478
eff5p1tri_TCT	22.53229150999527	0.011164999866789312
eff5p1tri_TGA	110.70462132857699	0.024756082633619485
eff5p1tri_TGC	4.273741128072489	0.004825328800008529
eff5p1tri_TGG	1.7228050905866708	0.0030986876837309717
eff5p1tri_TGT	61.26342860270168	0.01831813198732191
eff5p1tri_TTA	10.48326037606329	0.0075686614888678255
eff5p1tri_TTC	67.80932070379674	0.019249591834055814
eff5p1tri_TTG	1.804556311743151	0.003156437679710991
eff5p1tri_TTT	104.14941672500271	0.02391818982450752
eff5p2tri_AAA	131.8094453545562	0.026922724171713406
eff5p2tri_AAC	4.843268329623282	-0.005149489567560824
eff5p2tri_AAG	37.545930017066325	0.014381481957017439
eff5p2tri_AAT	89.45914903040413	0.02208499595763242
eff5p2tri_ACA	11.353453536593346	0.007874378086665381
eff5p2tri_ACC	61.58559978395338	-0.01833577938546785
eff5p2tri_ACG	12.358355778781517	0.008233163952380381
eff5p2tri_ACT	4.6069402010047655	0.005009723009277432
eff5p2tri_AGA	0.4662131840785927	-0.0016112647995831777
eff5p2tri_AGC	1.7281749264987216	0.0030823184109817457
eff5p2tri_AGG	10.567375266261136	0.007671879011907488
eff5p2tri_AGT	135.19282862460173	-0.027473684743467217
eff5p2tri_ATA	139.1504848373567	0.02749810517650329
eff5p2tri_ATC	82.95569486629452	-0.021267784596779294
eff5p2tri_ATG	525.3475970787663	0.053634379500063695
eff5p2tri_ATT	0.35534821533249883	0.0013889247592837226
eff5p2tri_CAA	57.21809979955483	0.017714468320294944
eff5p2tri_CAC	10.513766984838895	-0.007569270738894665
eff5p2tri_CAG	36.61152907757129	-0.014153027464132068
eff5p2tri_CAT	7.457692459338064	-0.0063703392929346705
eff5p2tri_CCA	50.95005557009925	-0.016671857543809242
eff5p2tri_CCC	43.91174402731829	-0.015427295702966356
eff5p2tri_CCG	34.16315470162283	-0.013623091731404921
eff5p2tri_CCT	53.55437133768937	-0.017050137868587705
eff5p2tri_CGA	91.4168325547896	-0.022377494586112278
eff5p2tri_CGC	29.127435828199808	-0.012557069253733342
eff5p2tri_CGG	38.23306855894223	-0.014455463030714105
eff5p2tri_CGT	18.16015496864409	0.009927168346900526
eff5p2tri_CTA	5.599431496570983	-0.005516792643231872
eff5p2tri_CTC	63.767529117056014	0.01868532501376383
eff5p2tri_CTG	17.68307431643039	0.009847527291120711
eff5p2tri_CTT	36.14505893193232	-0.014064769324515029
eff5p2tri_GAA	33.95894673169384	-0.013777817641729608
eff5p2tri_GAC	17.761704248635443	-0.009877552828525631
eff5p2tri_GAG	8.671631064529498	0.006984979546174722
eff5p2tri_GAT	1.3736345443671452	0.0027518157675350883
eff5p2tri_GCA	19.26567547839976	-0.010261238989070843
eff5p2tri_GCC	8.965789295622596	-0.006968844466238014
eff5p2tri_GCG	41.78347237957544	-0.015062230285225537
eff5p2tri_GCT	0.23230707393463	0.001124872133366774
eff5p2tri_GGA	9.598703548405826	-0.007342065031734988
eff5p2tri_GGC	43.430364822073365	-0.015425115414372593
eff5p2tri_GGG	21.855115640726233	-0.010987257020751682
eff5p2tri_GGT	38.58249306301704	0.014514548752680517
eff5p2tri_GTA	41.14032308679167	0.014987213797701928
eff5p2tri_GTC	14.156818865466033	0.008759916234757397
eff5p2tri_GTG	18.692699789564962	-0.010122585587047057
eff5p2tri_GTT	52.66690924997681	0.016932605685543087
eff5p2tri_TAA	4.606723736008048	0.0050198571505853384
eff5p2tri_TAC	21.736440018263895	-0.010933916940005995
eff5p2tri_TAG	0.03991537166572053	0.00046858789626776825
eff5p2tri_TAT	2.700518757789071	0.0038371374643980313
eff5p2tri_TCA	1.6817841407648435	-0.0030337943703624207
eff5p2tri_TCC	47.56826500313628	-0.016080316571817202
eff5p2tri_TCG	19.08386259924225	-0.01020370352440706
eff5p2tri_TCT	0.04028621498957551	0.0004696024501911646
eff5p2tri_TGA	2.353067032552773	0.0035867768721834278
eff5p2tri_TGC	46.45730221729644	-0.015925616894478786
eff5p2tri_TGG	17.283507352713706	0.009796830858578884
eff5p2tri_TGT	46.84656396972524	0.01600421558727019
eff5p2tri_TTA	53.093259903148784	0.017005633667922827
eff5p2tri_TTC	6.682790025858214	-0.006023605131094139
eff5p2tri_TTG	17.33864741089797	0.009758673700207263
eff5p2tri_TTT	75.26871561151269	0.020286352222465776
eff5p3tri_AAA	12.324321642585627	0.008228479113032927
eff5p3tri_AAC	19.70627926337715	-0.010392519820751718
eff5p3tri_AAG	32.281816440836494	0.013439261189465538
eff5p3tri_AAT	38.52883764568124	0.01452274262677142
eff5p3tri_ACA	44.64326559300762	-0.01566164988639437
eff5p3tri_ACC	64.85471794580059	-0.01880982765778655
eff5p3tri_ACG	0.07575197436869478	-0.0006426469487339523
eff5p3tri_ACT	0.0126396083607779	-0.00026404690545472854
eff5p3tri_AGA	2.0120484728826007	0.003356427544845892
eff5p3tri_AGC	1.234458605890078	-0.002595160016302714
eff5p3tri_AGG	41.686255216015496	0.015164645984426723
eff5p3tri_AGT	4.319210692812725	-0.00488954883370294
eff5p3tri_ATA	15.397885044229119	0.009158637405683198
eff5p3tri_ATC	20.397894793471043	-0.010537024776447646
eff5p3tri_ATG	8.849675994340949	0.006974647576796066
eff5p3tri_ATT	35.4487090232054	0.013925923187828199
eff5p3tri_CAA	27.37597838399444	0.01226235760699294
eff5p3tri_CAC	63.998190294719286	-0.01864907234494764
eff5p3tri_CAG	61.28665051829096	-0.018317390088530578
eff5p3tri_CAT	0.6710531149541178	-0.0019129970743224757
eff5p3tri_CCA	31.00485734554791	-0.012995456522590328
eff5p3tri_CCC	66.29442448556772	-0.018973263069440086
eff5p3tri_CCG	43.87698745360299	-0.01543424453998848
eff5p3tri_CCT	23.11809276803577	-0.011199210662490054
eff5p3tri_CGA	77.45526751167756	-0.020589655219792426
eff5p3tri_CGC	19.141714300685944	-0.010170885812993236
eff5p3tri_CGG	5.417784093175881	0.0054569694917688105
eff5p3tri_CGT	1.365080740676198	-0.0027224080449712506
eff5p3tri_CTA	0.04081309736491049	0.0004708254272631203
eff5p3tri_CTC	5.134986268275528	-0.0052889562216302255
eff5p3tri_CTG	8.258070334544723	-0.006716346140140843
eff5p3tri_CTT	4.268125365580521	0.004825300008118242
eff5p3tri_GAA	28.56006883092267	-0.012584012572353795
eff5p3tri_GAC	63.77688364337202	-0.01874373981548451
eff5p3tri_GAG	9.40996217728219	-0.007218622064051578
eff5p3tri_GAT	23.950732329010297	0.01151475867486166
eff5p3tri_GCA	0.18829194824232492	0.0010154328710636348
eff5p3tri_GCC	27.576237034366304	-0.012227796050163674
eff5p3tri_GCG	90.51713300842026	-0.022261192418569758
eff5p3tri_GCT	3.8342613521826734	-0.004582022046700662
eff5p3tri_GGA	0.7641419793927824	0.0020780364258310767
eff5p3tri_GGC	0.10640557527280108	0.0007650082920152817
eff5p3tri_GGG	16.59745066523751	-0.009550488126078688
eff5p3tri_GGT	2.0950632808732306	0.0033845892233868814
eff5p3tri_GTA	0.09514263918940008	-0.000723493870469883
eff5p3tri_GTC	50.54053687456926	-0.016666022407684975
eff5p3tri_GTG	1.0858511245025158	-0.0024388010985638116
eff5p3tri_GTT	58.90385591372663	0.017934323546968126
eff5p3tri_TAA	17.89976308938472	0.009869568153715797
eff5p3tri_TAC	26.75164819835279	0.012054673587124608
eff5p3tri_TAG	79.07141637495002	0.02076327642317979
eff5p3tri_TAT	22.505142864515506	0.011074769265139039
eff5p3tri_TCA	6.626351323794757	0.006021487420516367
eff5p3tri_TCC	6.261540896394144	-0.005828198745660077
eff5p3tri_TCG	21.174856422316726	-0.010729843724021547
eff5p3tri_TCT	15.960418996417637	0.009321184670861012
eff5p3tri_TGA	108.19100440547389	0.02439796407980312
eff5p3tri_TGC	23.150549076152753	-0.011226148897223877
eff5p3tri_TGG	242.64913459896212	0.03659776982967124
eff5p3tri_TGT	0.08499568018569781	0.0006817793126513601
eff5p3tri_TTA	19.136315655857768	-0.010224272927088374
eff5p3tri_TTC	0.09546550212804537	0.0007200862888324749
eff5p3tri_TTG	80.83844775329496	0.021016352030429807
eff5p3tri_TTT	20.899839507123968	0.01067745465641806
eff5p4tri_AAA	0.9873872897775856	0.002327110909577851
eff5p4tri_AAC	11.09360937214913	-0.007818776546511964
eff5p4tri_AAG	18.394872695077684	0.010078705523009148
eff5p4tri_AAT	14.626213187064481	0.008932350650546764
eff5p4tri_ACA	4.3220449059099	-0.004859860900491345
eff5p4tri_ACC	106.51917730627552	-0.024099909966023635
eff5p4tri_ACG	11.166954667964257	0.007801769787904447
eff5p4tri_ACT	58.0620887160518	-0.01784943501994877
eff5p4tri_AGA	51.05079034770395	-0.016935663403953128
eff5p4tri_AGC	12.845650554119619	0.008372951505418752
eff5p4tri_AGG	140.91369645533828	0.027808183737097807
eff5p4tri_AGT	0.0172217426333178	0.000307661574778909
eff5p4tri_ATA	31.90851777915665	0.013204424097454726
eff5p4tri_ATC	37.976564118806884	-0.014431678977703014
eff5p4tri_ATG	66.3292059454446	0.019098608092406225
eff5p4tri_ATT	69.22181196613379	0.01944973714829258
eff5p4tri_CAA	45.79359505990473	0.01588494046147802
eff5p4tri_CAC	89.8517575014029	-0.022148202544369732
eff5p4tri_CAG	46.110085859875774	-0.015865689041594265
eff5p4tri_CAT	6.326467476408729	-0.005877627758736669
eff5p4tri_CCA	76.31969722790174	-0.020376806182953604
eff5p4tri_CCC	65.25051470924647	-0.018807363561096288
eff5p4tri_CCG	40.883666009350485	-0.014897426173802459
eff5p4tri_CCT	3.970465398368935	-0.004648589698211135
eff5p4tri_CGA	44.60412924616728	-0.015591731615481613
eff5p4tri_CGC	0.8019855624629727	-0.00208300910899528
eff5p4tri_CGG	25.137548276132733	-0.01173311833072354
eff5p4tri_CGT	55.10487100610534	-0.017339677322332582
eff5p4tri_CTA	46.29736266572756	-0.01589275772455817
eff5p4tri_CTC	4.082501851798356	0.004719102989206036
eff5p4tri_CTG	19.151075681983247	0.010229249025274613
eff5p4tri_CTT	3.198905858654267	-0.00418901735847579
eff5p4tri_GAA	39.3748097204897	0.014814875791137792
eff5p4tri_GAC	15.977693498225644	-0.00942578475996864
eff5p4tri_GAG	17.82000438470994	-0.009945677195391835
eff5p4tri_GAT	49.02751138223447	0.016475028926720352
eff5p4tri_GCA	6.0935460627607165	-0.005768556615645335
eff5p4tri_GCC	1.6274559301950107	-0.002971780270710617
eff5p4tri_GCG	58.23322906159275	-0.017834130406575815
eff5p4tri_GCT	19.643768456295586	0.010350611890834098
eff5p4tri_GGA	337.2373506354957	0.04347589197671491
eff5p4tri_GGC	0.9950280068280094	-0.002335322742853783
eff5p4tri_GGG	0.22799021769209377	0.001116758637385472
eff5p4tri_GGT	10.123111507606504	-0.007444495704972928
eff5p4tri_GTA	0.110389686613577	-0.0007796640757264425
eff5p4tri_GTC	7.580604394167262	-0.006425487994232057
eff5p4tri_GTG	2.1025226222011257	-0.0033903959970422413
eff5p4tri_GTT	4.513647913330172	0.004973541239688441
eff5p4tri_TAA	1.6584715933060654	-0.003013279554875719
eff5p4tri_TAC	7.838332606298389	0.0065267862828448705
eff5p4tri_TAG	8.004945527883482	-0.006628634515997989
eff5p4tri_TAT	2.490183599241257	0.0036821886041239226
eff5p4tri_TCA	5.736135735699283	0.00558684334721039
eff5p4tri_TCC	111.90018953200935	-0.024769298607004147
eff5p4tri_TCG	6.9045858629222705	-0.00613120952262459
eff5p4tri_TCT	5.000395308351555	-0.005219922065764162
eff5p4tri_TGA	180.3618339233427	0.031493724746548914
eff5p4tri_TGC	12.705713270551989	-0.008327220205033951
eff5p4tri_TGG	9.218175158467353	-0.007115054606705817
eff5p4tri_TGT	0.6295866173473242	-0.0018527424604000194
eff5p4tri_TTA	25.81907484995463	0.011853742332516176
eff5p4tri_TTC	8.826743071730753	-0.006935892071133369
eff5p4tri_TTG	73.94196188722334	0.0201356295977412
eff5p4tri_TTT	73.84323116473989	0.020090480599652474
eff5p5tri_AAA	1.6899655133598992	0.0030623207896382336
eff5p5tri_AAC	23.45438546412676	0.011341514541281838
eff5p5tri_AAG	80.38386511724786	0.021065126642425724
eff5p5tri_AAT	0.8296502316214445	-0.0021341072557180345
eff5p5tri_ACA	5.986606138497417	-0.005740392173515532
eff5p5tri_ACC	10.490674944812593	-0.007553774097286905
eff5p5tri_ACG	0.9446818382594573	-0.0022721832021095727
eff5p5tri_ACT	50.78769959928608	-0.01679907022987449
eff5p5tri_AGA	17.63869964859918	0.009886861479648113
eff5p5tri_AGC	3.5000338484107023	-0.004368315137170201
eff5p5tri_AGG	10.344918050045951	0.007525302622090398
eff5p5tri_AGT	148.88903025050598	-0.028755459762700695
eff5p5tri_ATA	40.275990136546255	-0.014859803855915423
eff5p5tri_ATC	1.0329355932427149	-0.0023730719670938
eff5p5tri_ATG	4.302746426784999	0.0048614876331094905
eff5p5tri_ATT	299.47943384805427	0.04046926636769604
eff5p5tri_CAA	1.185577140060423	0.002549841677210634
eff5p5tri_CAC	28.348098666047296	-0.01239650026287191
eff5p5tri_CAG	10.236631164443102	-0.007459074738553015
eff5p5tri_CAT	23.714650296937343	-0.011387013106962959
eff5p5tri_CCA	125.83760079447018	-0.026230649689728595
eff5p5tri_CCC	16.013050513042202	-0.00930974447948147
eff5p5tri_CCG	39.86403529601767	-0.014697524557834317
eff5p5tri_CCT	75.81208202942423	-0.020389846037422527
eff5p5tri_CGA	81.00817751738046	-0.0210782894923801
eff5p5tri_CGC	2.6791657805139937	-0.0038052724859935125
eff5p5tri_CGG	3.894929081024144	0.004614782482060319
eff5p5tri_CGT	11.802419456854903	-0.008004706730973067
eff5p5tri_CTA	21.489851933528925	-0.010820718034801826
eff5p5tri_CTC	14.06972666051314	-0.008763837567022432
eff5p5tri_CTG	0.11121699522295517	0.0007786645366098636
eff5p5tri_CTT	0.609252421558734	-0.00182614018144483
eff5p5tri_GAA	6.0789397836874866	0.005810132052171498
eff5p5tri_GAC	16.767986173242463	0.009625169019537102
eff5p5tri_GAG	20.243354298013124	-0.010569220735185675
eff5p5tri_GAT	268.7646028582168	0.03870083667984545
eff5p5tri_GCA	7.612503715249012	0.0064405015941507195
eff5p5tri_GCC	6.682210272153707	-0.00601388219820033
eff5p5tri_GCG	16.567257055058118	-0.009518886230794922
eff5p5tri_GCT	2.2621939704842573	0.003519579269605363
eff5p5tri_GGA	27.420206326174046	0.012335773916572739
eff5p5tri_GGC	0.06571187644172485	0.0005985262467972806
eff5p5tri_GGG	13.764614143607158	0.00866358713596333
eff5p5tri_GGT	33.66549466507981	-0.013574109282229196
eff5p5tri_GTA	16.260988635612613	-0.009443981464843132
eff5p5tri_GTC	1.2744476645372557e-05	-8.326563593707959e-06
eff5p5tri_GTG	21.106252520627702	-0.010761474883903357
eff5p5tri_GTT	1.369453528505384	-0.0027363269270827967
eff5p5tri_TAA	12.492589883317292	-0.008264711528617425
eff5p5tri_TAC	2.615221032480508	0.0037764328642776244
eff5p5tri_TAG	11.432843785625986	0.007935782804609529
eff5p5tri_TAT	1.4142134007708054	0.00277352920795263
eff5p5tri_TCA	0.7333353666963137	0.002001342300987974
eff5p5tri_TCC	90.29621978168075	-0.022180160706135186
eff5p5tri_TCG	16.137797800720083	-0.009386388349964945
eff5p5tri_TCT	1.8201248589131167	0.0031541562010007594
eff5p5tri_TGA	131.41540217077628	0.026913623616971003
eff5p5tri_TGC	0.13435527380835244	0.000854791336079246
eff5p5tri_TGG	78.6000400832096	0.020757562222685277
eff5p5tri_TGT	4.721444348848054	-0.005087378728166569
eff5p5tri_TTA	94.05814587382119	0.0226874742585632
eff5p5tri_TTC	10.509097503458559	0.007554612259730922
eff5p5tri_TTG	3.5394724699717464	0.004412556172878241
eff5p5tri_TTT	4.362693889616307	0.004895411300241758
eff3p1tri_AAA	109.82113042155788	0.02443105967711062
eff3p1tri_AAC	21.39600051481637	-0.010778492772596581
eff3p1tri_AAG	27.02252787540142	-0.012137592119201556
eff3p1tri_AAT	19.310825468814205	0.010235648573564042
eff3p1tri_ACA	13.944371740436704	-0.008750734413497052
eff3p1tri_ACC	58.553237790005866	-0.017873403367055386
eff3p1tri_ACG	1.9092788713150608	-0.0032129588790730467
eff3p1tri_ACT	64.12088774736335	-0.018730052334250246
eff3p1tri_AGA	28.27133502312488	-0.012412787629456199
eff3p1tri_AGC	72.59070823402935	-0.019866119832068
eff3p1tri_AGG	26.97570333206381	-0.012085829284922998
eff3p1tri_AGT	38.92887700518405	-0.014550863505364903
eff3p1tri_ATA	0.3618127625908568	0.001408372769065083
eff3p1tri_ATC	15.880184488876791	-0.009303526701844306
eff3p1tri_ATG	45.45075887501862	0.015725473212814024
eff3p1tri_ATT	48.10886415001671	-0.016192394834286646
eff3p1tri_CAA	1.1586018436804106	0.0025328427903551004
eff3p1tri_CAC	8.361426662634564	0.006748925077952869
eff3p1tri_CAG	121.37856426041074	0.025725243403991977
eff3p1tri_CAT	30.59163797131479	-0.013031411670757841
eff3p1tri_CCA	2.038020452788382	-0.0033461630562814973
eff3p1tri_CCC	15.884404095720258	-0.0093042301918372
eff3p1tri_CCG	16.795039406297622	-0.00953538550704762
eff3p1tri_CCT	173.25746147560136	-0.03089970431027224
eff3p1tri_CGA	2.9798042950506223	0.004059605654774256
eff3p1tri_CGC	24.915393525554386	-0.011648921273673759
eff3p1tri_CGG	49.20132688860335	-0.016463832966365024
eff3p1tri_CGT	10.707527718434648	-0.007657669092989847
eff3p1tri_CTA	16.270780458916263	0.009474092736821066
eff3p1tri_CTC	8.537825223311309	0.006841693180402738
eff3p1tri_CTG	133.60176656369651	0.02701283899060415
eff3p1tri_CTT	0.9292279637206841	-0.0022582966490751898
eff3p1tri_GAA	130.97925018299662	0.026937459326283733
eff3p1tri_GAC	43.21763094603075	0.015448817235515815
eff3p1tri_GAG	52.62575065503491	0.01697917404189482
eff3p1tri_GAT	40.62444663106968	0.014944896069438088
eff3p1tri_GCA	107.90850370101506	0.02447439175490151
eff3p1tri_GCC	7.183889227436135	0.0062528322219041945
eff3p1tri_GCG	22.639104641597896	0.011085982813072541
eff3p1tri_GCT	66.19262820845451	0.019027731812314718
eff3p1tri_GGA	4.727738872535362	-0.005147558867438161
eff3p1tri_GGC	71.59700117577832	0.019823066882139792
eff3p1tri_GGG	45.87715151941631	-0.01591381329571467
eff3p1tri_GGT	372.34665933335987	0.045302562814253114
eff3p1tri_GTA	6.508860568613758	-0.005998485363176417
eff3p1tri_GTC	3.35929655976281	0.00427312844237915
eff3p1tri_GTG	39.895224112679884	0.014812965673477297
eff3p1tri_GTT	8.152984501679375	0.006692347345092155
eff3p1tri_TAA	21.181080051733783	-0.010778760080365098
eff3p1tri_TAC	22.670535190107234	-0.011118207441673453
eff3p1tri_TAG	14.053413119692195	0.008743970863438234
eff3p1tri_TAT	26.864528654741374	-0.012121666183513475
eff3p1tri_TCA	64.84456483312407	-0.01885914571137217
eff3p1tri_TCC	38.104187141736034	-0.014429146227668069
eff3p1tri_TCG	8.62298958962627	-0.0068309187943582095
eff3p1tri_TCT	68.26713530949695	-0.019282931089258507
eff3p1tri_TGA	1.0530143168222394	0.0024290256042874196
eff3p1tri_TGC	28.781039012500305	-0.012561686778324635
eff3p1tri_TGG	5.480036345488135	-0.005492005805448079
eff3p1tri_TGT	1.500073932615212	0.002864675038942766
eff3p1tri_TTA	7.788908282887296	-0.006541503030893927
eff3p1tri_TTC	10.564573041402445	-0.0075769538472552495
eff3p1tri_TTG	34.44826653382895	0.013670948069491717
eff3p1tri_TTT	5.870588048277004	-0.005660092795134426
eff3p2tri_AAA	1.2590340345811224	0.002613177416019717
eff3p2tri_AAC	83.73018072692948	-0.02135909017977111
eff3p2tri_AAG	62.753189514553114	-0.018465731204148947
eff3p2tri_AAT	2.0167699327015787	-0.0033063500077091823
eff3p2tri_ACA	18.629104021009855	0.01014982001505466
eff3p2tri_ACC	143.5521813853259	-0.028087517367921266
eff3p2tri_ACG	16.81600959658861	-0.009621866194207417
eff3p2tri_ACT	83.89243534834337	0.02145207258541676
eff3p2tri_AGA	93.22787677284137	0.022659340320985807
eff3p2tri_AGC	39.071424445411594	0.014612610582990227
eff3p2tri_AGG	325.98553136105613	0.042357125436050296
eff3p2tri_AGT	5.512706893833892	0.00549482000851096
eff3p2tri_ATA	9.936809921141915	0.007356168592766202
eff3p2tri_ATC	31.300238356671706	-0.013050745873922135
eff3p2tri_ATG	0.17060159230029504	0.0009705821836729354
eff3p2tri_ATT	3.08706677872141	-0.00409528249787755
eff3p2tri_CAA	10.407938387526347	0.007523682521804056
eff3p2tri_CAC	74.76902782728764	-0.020209236387823078
eff3p2tri_CAG	72.03838366343238	-0.01980423804841731
eff3p2tri_CAT	22.92260157799636	-0.011244657355765594
eff3p2tri_CCA	15.331564243261209	-0.009138394564000918
eff3p2tri_CCC	48.138274338121306	-0.016242196587190803
eff3p2tri_CCG	116.40033580430845	-0.025219205499498232
eff3p2tri_CCT	64.60793655410282	-0.01877241920979745
eff3p2tri_CGA	39.30888957888853	0.014664644774029725
eff3p2tri_CGC	2.4584893869117113	-0.003652818246752819
eff3p2tri_CGG	38.533345719383846	-0.014626763546822739
eff3p2tri_CGT	0.018916677202852977	-0.0003214722510902516
eff3p2tri_CTA	45.89245724905075	-0.01583114231171088
eff3p2tri_CTC	107.26960041151794	-0.024219541180967027
eff3p2tri_CTG	9.4734504006231	0.007195473891051407
eff3p2tri_CTT	4.287389096755553	0.004837219429036576
eff3p2tri_GAA	27.62317573835945	0.012257787067989004
eff3p2tri_GAC	72.43694876483782	-0.019942235083522723
eff3p2tri_GAG	32.653674076353475	-0.013317678218466328
eff3p2tri_GAT	33.526096613370065	0.013522240950915162
eff3p2tri_GCA	0.006674518435000961	0.00019213529535337974
eff3p2tri_GCC	3.0900074307362035	-0.004100207417344572
eff3p2tri_GCG	21.25570399267722	-0.010787292469989999
eff3p2tri_GCT	51.5739279313597	0.016897504388428988
eff3p2tri_GGA	125.74766364490591	0.026406372549176414
eff3p2tri_GGC	30.44972996324035	0.012975211819693931
eff3p2tri_GGG	14.431918069539295	-0.008885143139988047
eff3p2tri_GGT	8.40474924908924	0.006842989619208924
eff3p2tri_GTA	18.810396349545485	-0.010174445601023575
eff3p2tri_GTC	34.69791789456156	-0.013737100909858354
eff3p2tri_GTG	18.23070711450053	-0.01005074014128097
eff3p2tri_GTT	0.7683384370548061	-0.002046632720283623
eff3p2tri_TAA	31.137758536628724	-0.013015022695742368
eff3p2tri_TAC	76.37433605069036	0.02035306285648989
eff3p2tri_TAG	7.215540186057378	-0.0062597475341721305
eff3p2tri_TAT	5.742270619686686	-0.005585895350736442
eff3p2tri_TCA	10.3321301051571	0.0075241724261485
eff3p2tri_TCC	1.166716002091549	-0.002521903439612077
eff3p2tri_TCG	24.036410461134647	0.011516924926303625
eff3p2tri_TCT	30.92629231975448	0.01301027076269859
eff3p2tri_TGA	19.576905419921587	0.010390861624234608
eff3p2tri_TGC	257.98748155772506	0.03756463298178163
eff3p2tri_TGG	57.27389081781278	0.017908060755099015
eff3p2tri_TGT	5.877544108129839	0.005657859369266121
eff3p2tri_TTA	10.47027219448917	-0.007545563249182561
eff3p2tri_TTC	17.27108540061518	-0.009709027848402095
eff3p2tri_TTG	6.476469978142576	-0.005985063523682579
eff3p2tri_TTT	14.28198141286971	-0.00883727255711243
eff3p3tri_AAA	4.47190343564349	-0.0049258767466821155
eff3p3tri_AAC	15.510450069403847	-0.009263327962534238
eff3p3tri_AAG	38.68232116246388	0.01458569327748543
eff3p3tri_AAT	0.11480862370413833	0.0007903990377711267
eff3p3tri_ACA	43.08390172000657	-0.01534854750104968
eff3p3tri_ACC	2.6344379587755045	-0.0037895280812574946
eff3p3tri_ACG	10.707125854557717	0.007674017636326785
eff3p3tri_ACT	1.384573016785722	0.002753506720054015
eff3p3tri_AGA	0.051973693967207475	0.0005324032238238547
eff3p3tri_AGC	7.007333730809559	-0.006223786935942111
eff3p3tri_AGG	32.33883296614999	0.01335379143688089
eff3p3tri_AGT	0.7615374733415357	0.002044426271094725
eff3p3tri_ATA	13.489405414690516	0.008553460492571321
eff3p3tri_ATC	307.12453706594135	0.04110186348182038
eff3p3tri_ATG	6.149292414572992	0.005856059401604373
eff3p3tri_ATT	0.28624829712011524	-0.0012512912735110997
eff3p3tri_CAA	14.912686066342538	-0.008999785780550166
eff3p3tri_CAC	13.870292288754134	0.00872161813625364
eff3p3tri_CAG	13.66445617369298	0.008626108151952609
eff3p3tri_CAT	15.399732090448477	-0.00915661818440715
eff3p3tri_CCA	94.86065586705382	-0.022749781513712458
eff3p3tri_CCC	49.59346316501551	-0.01643013348089831
eff3p3tri_CCG	19.022932552623807	-0.010186762451500056
eff3p3tri_CCT	57.891517559740635	-0.017756289043107106
eff3p3tri_CGA	17.394445599297004	-0.009710650143239349
eff3p3tri_CGC	14.197839417176874	0.00878522665754407
eff3p3tri_CGG	31.185913135356504	-0.013127207180202891
eff3p3tri_CGT	16.923878438237153	-0.00960012635033839
eff3p3tri_CTA	0.045208602655011816	-0.0004950027923815085
eff3p3tri_CTC	0.09500043531382896	-0.0007216993817424144
eff3p3tri_CTG	98.44243820298502	0.02314923281395269
eff3p3tri_CTT	9.483276674342669	-0.00719633414848252
eff3p3tri_GAA	9.461973442309594	-0.007168816363746868
eff3p3tri_GAC	0.3890670791314284	-0.0014695414841061954
eff3p3tri_GAG	361.93103100854404	0.04479338710848198
eff3p3tri_GAT	8.915274799661624	0.007023128535812057
eff3p3tri_GCA	1.129410827066228	-0.0024899801699008526
eff3p3tri_GCC	18.261000739178755	-0.009953235399218293
eff3p3tri_GCG	0.8206144877006329	0.0021180056916029174
eff3p3tri_GCT	4.367070041754612	-0.0048906981126817396
eff3p3tri_GGA	24.707216798628163	-0.011639332368412825
eff3p3tri_GGC	33.24553047423765	0.013578541187777467
eff3p3tri_GGG	1.5301822169569494	0.0029041284950921172
eff3p3tri_GGT	36.81821904025744	-0.014287269468296037
eff3p3tri_GTA	5.230589419044426	0.005330245862377533
eff3p3tri_GTC	28.211621995833855	-0.012434826037405308
eff3p3tri_GTG	4.816139588670045	0.005146627482744765
eff3p3tri_GTT	16.657173526080776	-0.00955548039851838
eff3p3tri_TAA	91.94943111957016	-0.022360732195975994
eff3p3tri_TAC	1.0923823596787903	-0.0024400775270779886
eff3p3tri_TAG	27.501551943450565	0.012259546805247193
eff3p3tri_TAT	30.626699775710087	-0.012888367355948394
eff3p3tri_TCA	6.609835832382729	-0.006000662682524574
eff3p3tri_TCC	196.49070578824222	-0.03295539462986241
eff3p3tri_TCG	15.813610859294203	-0.009317942173970908
eff3p3tri_TCT	24.383133962882912	-0.011531142274084829
eff3p3tri_TGA	14.249369863458696	0.008818164739780976
eff3p3tri_TGC	13.932295906619961	-0.008732020294662593
eff3p3tri_TGG	225.44206357939447	0.03541534546398133
eff3p3tri_TGT	36.649842809059635	-0.014140909253364024
eff3p3tri_TTA	50.75707585629745	-0.016636669621851233
eff3p3tri_TTC	0.07763088428118593	-0.0006509123792070383
eff3p3tri_TTG	303.451496600542	0.04088842153160801
eff3p3tri_TTT	27.832144671272477	-0.012352028961707999
eff3p4tri_AAA	34.06284406207639	-0.013679047162627278
eff3p4tri_AAC	10.150320079018648	-0.007457331496486698
eff3p4tri_AAG	4.163751039981684	0.004802929147945523
eff3p4tri_AAT	18.278104803689093	-0.010016097563989412
eff3p4tri_ACA	17.257847360085375	0.009728271099502285
eff3p4tri_ACC	123.50081906740651	-0.026102537786523876
eff3p4tri_ACG	0.010932524818137203	0.00024434475369352346
eff3p4tri_ACT	0.6733082110471645	0.0019209022675706492
eff3p4tri_AGA	197.0832274578486	0.0331274025459996
eff3p4tri_AGC	16.333312628421474	-0.009474474697263216
eff3p4tri_AGG	1.544751975663936	0.0029256154771946487
eff3p4tri_AGT	16.4703119301603	-0.009493591424170876
eff3p4tri_ATA	2.1946000781924906	-0.003454794799099047
eff3p4tri_ATC	90.08306867920531	-0.022311516614205124
eff3p4tri_ATG	22.592855094364378	0.011177119752553302
eff3p4tri_ATT	19.8612292031408	0.01041427982711961
eff3p4tri_CAA	3.4707112749713764	-0.004360236018780135
eff3p4tri_CAC	3.1966249091297447	-0.004168462285354925
eff3p4tri_CAG	11.277988420500757	-0.007838324677274064
eff3p4tri_CAT	102.36433288313582	0.023647019799609925
eff3p4tri_CCA	11.128141657459889	-0.007778538834104889
eff3p4tri_CCC	71.28948748538009	-0.01968281965731584
eff3p4tri_CCG	50.531553727187045	-0.016580827824850913
eff3p4tri_CCT	17.00520900732391	-0.009605371826682984
eff3p4tri_CGA	9.111099440391074	-0.007061811480941531
eff3p4tri_CGC	95.51054033486771	0.022747666868177495
eff3p4tri_CGG	31.57367115245133	-0.013157264359422736
eff3p4tri_CGT	11.037801639182101	0.007769853175612386
eff3p4tri_CTA	34.35343784152881	-0.01368713877244624
eff3p4tri_CTC	108.48575658911925	-0.024391953123679488
eff3p4tri_CTG	0.2004051087010521	-0.001043298609632404
eff3p4tri_CTT	9.021901567650893	-0.007013811869090151
eff3p4tri_GAA	41.690137332704644	0.015118925030393296
eff3p4tri_GAC	10.38942528979446	-0.007583623771950683
eff3p4tri_GAG	10.90273401815717	0.0077675888371853356
eff3p4tri_GAT	156.18207453284765	0.02952774069929942
eff3p4tri_GCA	5.711587044557933	-0.005570633543928656
eff3p4tri_GCC	6.688196221013994	-0.0060176175461836914
eff3p4tri_GCG	33.56387138047293	-0.013525726301779464
eff3p4tri_GCT	60.16307817545555	0.018091941807144993
eff3p4tri_GGA	18.68096795614542	0.010160006709429686
eff3p4tri_GGC	19.890190072034677	-0.010445797870912517
eff3p4tri_GGG	118.4030366832472	-0.0254926148798471
eff3p4tri_GGT	23.059081518598866	-0.011262933929974555
eff3p4tri_GTA	2.8650814580704016	-0.003943537306125554
eff3p4tri_GTC	0.4423089425628802	0.0015521624269210631
eff3p4tri_GTG	68.52095500154455	0.019385751334531777
eff3p4tri_GTT	169.27580240996687	0.030461361560195424
eff3p4tri_TAA	9.143689501506516	0.007055705408578193
eff3p4tri_TAC	54.42227070490524	0.01721537597896007
eff3p4tri_TAG	0.22493804801275555	0.001108536897873008
eff3p4tri_TAT	7.213101727295077	0.006262380700841344
eff3p4tri_TCA	1.1139401413611731	0.0024642316926735746
eff3p4tri_TCC	18.46999358622631	-0.01002000943981492
eff3p4tri_TCG	0.04307453801602287	0.0004856257028691502
eff3p4tri_TCT	0.28082297206958584	0.0012383440193656481
eff3p4tri_TGA	11.376161593826904	0.007902885189467763
eff3p4tri_TGC	3.038011995001388	-0.0040724273357311816
eff3p4tri_TGG	66.36706371906962	0.01923213784062238
eff3p4tri_TGT	0.5585565047522204	0.0017448976758096606
eff3p4tri_TTA	0.5262510310733485	0.0016946376782046248
eff3p4tri_TTC	43.803105587801504	-0.015466782474764457
eff3p4tri_TTG	0.9511437988666469	0.002287932653304723
eff3p4tri_TTT	28.84123769741298	-0.01260279760455588
eff3p5tri_AAA	3.0364077539600243	-0.0040900157669447644
eff3p5tri_AAC	8.159212876348061	0.00669810508226883
eff3p5tri_AAG	2.236255081009454	0.003523436428520295
eff3p5tri_AAT	1.752067358684375	-0.0030950393298791058
eff3p5tri_ACA	0.666804798770273	0.0019115190601577273
eff3p5tri_ACC	22.207438074097443	-0.011008296754133918
eff3p5tri_ACG	28.085041892969837	0.012409211020148043
eff3p5tri_ACT	151.5381504912664	-0.02895640654283595
eff3p5tri_AGA	2.05835214369658	0.0033865245426249174
eff3p5tri_AGC	0.12117186092859468	-0.0008124651972375089
eff3p5tri_AGG	12.448832294307692	-0.008285248298487431
eff3p5tri_AGT	31.463604678128505	0.013106208289842602
eff3p5tri_ATA	53.65245902100193	0.017114354761723165
eff3p5tri_ATC	10.493381442103454	0.007579980763947159
eff3p5tri_ATG	1.0714874696154495	-0.0024371581263391813
eff3p5tri_ATT	8.677380674045203	-0.006898706062134925
eff3p5tri_CAA	4.094072202652917	-0.004738325212200924
eff3p5tri_CAC	67.27827309240568	-0.01914907437686135
eff3p5tri_CAG	143.91217620312833	-0.028086233330228222
eff3p5tri_CAT	61.64078615451103	-0.018435399582256123
eff3p5tri_CCA	19.193461319462404	-0.01021669866385035
eff3p5tri_CCC	34.262862289804985	-0.013619154863338017
eff3p5tri_CCG	10.301785470963875	-0.007474674399847775
eff3p5tri_CCT	24.791989660612774	-0.011590029654950509
eff3p5tri_CGA	3.2034214364747453	-0.0041930426220801904
eff3p5tri_CGC	3.732990072001009	-0.0044933893867027015
eff3p5tri_CGG	57.60382327498459	-0.017750194356244826
eff3p5tri_CGT	10.497145124318909	0.007557665368001837
eff3p5tri_CTA	0.937627482318984	0.0022547184402361593
eff3p5tri_CTC	78.68553610934599	-0.020743335733864204
eff3p5tri_CTG	2.183666577161626	-0.003447575320417155
eff3p5tri_CTT	21.068565671628363	-0.01072081891000039
eff3p5tri_GAA	22.857227153716533	0.011222391669795558
eff3p5tri_GAC	0.3704599772162623	0.0014309872364787484
eff3p5tri_GAG	135.66601781821777	0.027463823565760728
eff3p5tri_GAT	49.31459518537169	0.01651309500981882
eff3p5tri_GCA	70.69044629388927	0.01963904901824207
eff3p5tri_GCC	9.87613861754161	-0.007311473175935722
eff3p5tri_GCG	30.140983147750088	-0.012807589420187152
eff3p5tri_GCT	0.15944178889179608	-0.0009311474971523128
eff3p5tri_GGA	77.62939177339676	0.020801613883560482
eff3p5tri_GGC	8.353756014219314	-0.0067471887431570675
eff3p5tri_GGG	3.414139157225444	-0.004316546195139546
eff3p5tri_GGT	133.58219148312645	0.02703996946715445
eff3p5tri_GTA	55.2891177759326	0.01736887823179755
eff3p5tri_GTC	24.92017966235377	0.011639774769475884
eff3p5tri_GTG	73.56966234258246	0.020079974915041685
eff3p5tri_GTT	10.394115659474473	-0.00754859073331837
eff3p5tri_TAA	135.4234076113675	-0.027285412213998578
eff3p5tri_TAC	31.1143903822519	-0.013041142131886332
eff3p5tri_TAG	48.85244224331334	0.016368695658840787
eff3p5tri_TAT	2.209935608727402	-0.0034686182926164594
eff3p5tri_TCA	3.476707817606071	-0.004352820881096505
eff3p5tri_TCC	81.01292954682833	-0.021021913478949963
eff3p5tri_TCG	0.5260443146590071	0.001700197351310454
eff3p5tri_TCT	0.04012774744069489	0.0004669430531357504
eff3p5tri_TGA	119.1207913889515	0.025598584857321915
eff3p5tri_TGC	5.1639520747705445	0.005296658279314869
eff3p5tri_TGG	5.2870268930294335	-0.005422400523996949
eff3p5tri_TGT	7.277057821093627	0.006307097003021283
eff3p5tri_TTA	11.572652795829349	-0.007943806128960776
eff3p5tri_TTC	0.0008956268928751057	-6.981613420308451e-05
eff3p5tri_TTG	50.56517509343786	0.016684807738542754
eff3p5tri_TTT	0.00613467468601295	-0.00018379979441906277
effmd1tri_AAA	0.09180658762146363	-0.0007105909611194072
effmd1tri_AAC	20.088700090773255	0.010491436698258073
effmd1tri_AAG	66.67029372828661	0.019183817235360494
effmd1tri_AAT	1.0839751375126538	0.0024384304365615943
effmd1tri_ACA	44.66443130895337	-0.01563198723795305
effmd1tri_ACC	25.334491238751678	-0.011734316657831282
effmd1tri_ACG	30.6481326455528	-0.012919390274237132
effmd1tri_ACT	68.56373799831344	-0.019396377317209775
effmd1tri_AGA	0.5761893726255095	0.0017983586204445476
effmd1tri_AGC	24.33369989071788	-0.011511007505275598
effmd1tri_AGG	2.6347487123279683	-0.0038014985260843527
effmd1tri_AGT	12.09126793339021	-0.008127433569111771
effmd1tri_ATA	91.20153961503907	0.022332420147947056
effmd1tri_ATC	18.378686219767197	-0.010015785491809068
effmd1tri_ATG	485.5746775656397	0.05164679891254418
effmd1tri_ATT	1.4515596536359763	-0.0028175006446997863
effmd1tri_CAA	13.20982274500977	0.008509707844080956
effmd1tri_CAC	42.59814716927829	-0.015201015643190386
effmd1tri_CAG	12.762250457029483	-0.008337335789486734
effmd1tri_CAT	45.47164090277282	-0.01580320427722517
effmd1tri_CCA	24.346789894691963	-0.011484437032515683
effmd1tri_CCC	25.8315273689167	-0.011827798439205988
effmd1tri_CCG	93.80893802152583	-0.02260537899565644
effmd1tri_CCT	28.588290622066655	-0.012452518940285713
effmd1tri_CGA	4.491326727105908	-0.004952699365967017
effmd1tri_CGC	30.624327202010445	0.012873249009818672
effmd1tri_CGG	19.09734755769354	-0.010206723264365548
effmd1tri_CGT	80.08835642086933	-0.020894204091742755
effmd1tri_CTA	38.02926598434086	-0.014444382886848664
effmd1tri_CTC	69.980841193434	-0.019520536435274523
effmd1tri_CTG	0.20646174738701992	0.001062095099811064
effmd1tri_CTT	15.680617437332302	-0.009259454723472588
effmd1tri_GAA	92.49467497068308	0.022631780951349982
effmd1tri_GAC	63.188714536350446	-0.018634744505738675
effmd1tri_GAG	102.75983424345827	0.02381368524140072
effmd1tri_GAT	330.51082572277215	0.042779329322561364
effmd1tri_GCA	20.151795980823895	-0.010522814708137675
effmd1tri_GCC	10.13379844868367	-0.0074120939442633565
effmd1tri_GCG	0.0231291645008165	0.0003543291387293145
effmd1tri_GCT	7.755105929521276	-0.006526576085004624
effmd1tri_GGA	34.43924847115511	0.013841024062747518
effmd1tri_GGC	101.82494705889977	-0.023611156412548233
effmd1tri_GGG	14.426755246067364	0.008874238162413815
effmd1tri_GGT	0.06813172204785999	-0.0006100176075329992
effmd1tri_GTA	0.6189964692848339	-0.001849289051513838
effmd1tri_GTC	0.7914502825364906	-0.0020738199405729405
effmd1tri_GTG	0.24143134109776948	-0.00115086645310499
effmd1tri_GTT	1.085109248389425	-0.002442191967477483
effmd1tri_TAA	16.607279732864974	-0.009525012848043097
effmd1tri_TAC	100.23621140127679	-0.023493149741134457
effmd1tri_TAG	1.195782849581278	0.002569899272513679
effmd1tri_TAT	1.67988460993979	-0.0030270734326166343
effmd1tri_TCA	5.631558627643219	-0.005539405257988871
effmd1tri_TCC	4.630234101645283	-0.005016418297264494
effmd1tri_TCG	18.738771377830314	-0.010118951605655936
effmd1tri_TCT	1.230786195737404	0.0025911202509156213
effmd1tri_TGA	4.888516987438505	0.005201400602397808
effmd1tri_TGC	0.27647163289018617	0.0012264442447422726
effmd1tri_TGG	3.0373761292743144	-0.004112475996252421
effmd1tri_TGT	208.1422121321164	0.03396990393069444
effmd1tri_TTA	2.570100167851137	0.003743407200788834
effmd1tri_TTC	0.20159233526090434	-0.001046182667830721
effmd1tri_TTG	63.64860607207943	0.018736753733346163
effmd1tri_TTT	32.90540569433552	0.013410643412272993
effmd2tri_AAA	11.662937973856964	-0.008016146918950907
effmd2tri_AAC	0.1857163890970875	-0.001007485331837712
effmd2tri_AAG	168.14725738194625	0.03048793510391857
effmd2tri_AAT	0.06187099724087643	0.0005822487356257188
effmd2tri_ACA	26.461551657698553	-0.012029355461457274
effmd2tri_ACC	14.206917273725509	-0.008799594531213666
effmd2tri_ACG	5.776122205342238	-0.005612822165094903
effmd2tri_ACT	58.88059902300027	-0.018048692901434477
effmd2tri_AGA	450.17802033308857	0.04998129681005987
effmd2tri_AGC	8.687537523056283	-0.006880138498421161
effmd2tri_AGG	3.616160108688644	0.004465879065494572
effmd2tri_AGT	48.861746954569725	-0.016386214330430304
effmd2tri_ATA	5.707286373157729	-0.005608118724747439
effmd2tri_ATC	13.989026748176313	-0.008755148278254556
effmd2tri_ATG	248.86089763041943	0.03701812613524393
effmd2tri_ATT	22.025711603817737	0.010978630382375714
effmd2tri_CAA	0.031176979606594893	-0.00041235778074878
effmd2tri_CAC	49.242937089671685	-0.016349999005522736
effmd2tri_CAG	35.03712076858007	-0.013869256933252899
effmd2tri_CAT	30.402457362249805	-0.012882598231846714
effmd2tri_CCA	27.480158184352995	-0.012223421104176253
effmd2tri_CCC	5.374975722939512	-0.005391582745049941
effmd2tri_CCG	4.929532130655429	-0.005179205937518782
effmd2tri_CCT	29.8349683189675	-0.012716584753242305
effmd2tri_CGA	34.04366927538404	-0.013638721203439097
effmd2tri_CGC	24.42443905918325	-0.01149616770468341
effmd2tri_CGG	14.69840100326184	-0.008960992434699014
effmd2tri_CGT	35.63836341796475	-0.013933733043955489
effmd2tri_CTA	28.866226311887957	-0.012575127997188192
effmd2tri_CTC	11.731497487803468	-0.008000472441145205
effmd2tri_CTG	2.42234375530165	-0.003639551273146958
effmd2tri_CTT	24.251754612612135	-0.011502700911425539
effmd2tri_GAA	1.1841594700008815	0.0025663595351513584
effmd2tri_GAC	14.105759906252878	-0.008817220975270611
effmd2tri_GAG	4.762403825312003	-0.005127616282517178
effmd2tri_GAT	120.498827061191	0.02591983569258186
effmd2tri_GCA	0.42692777209392313	0.00152775923326581
effmd2tri_GCC	21.593691880618383	-0.010808793463020156
effmd2tri_GCG	16.0518384009828	-0.009340141978532009
effmd2tri_GCT	47.501782570102854	-0.01610456953816208
effmd2tri_GGA	10.164421339442834	0.00750157403162029
effmd2tri_GGC	0.14978151046088367	0.000903486607170346
effmd2tri_GGG	92.89903145993208	-0.022619403840712857
effmd2tri_GGT	4.921055218454987	0.005189455776234342
effmd2tri_GTA	470.91226253354085	0.050819201124475105
effmd2tri_GTC	6.435473437281553	-0.005915784913378103
effmd2tri_GTG	6.915557766691031	-0.006157319165799962
effmd2tri_GTT	68.02597118015068	-0.019369166277491336
effmd2tri_TAA	7.756996461362859	0.006514538397263249
effmd2tri_TAC	16.97165386347499	-0.009631411567566731
effmd2tri_TAG	41.905211770813324	0.015225643115637249
effmd2tri_TAT	19.71034989864647	-0.010376942687903373
effmd2tri_TCA	6.282025346957937	-0.005848824162914024
effmd2tri_TCC	53.868279080205426	-0.017094745874326585
effmd2tri_TCG	53.90439882816862	-0.0171545839198538
effmd2tri_TCT	6.144785160413737	0.005780036860830628
effmd2tri_TGA	11.895350875267281	0.008107335321419766
effmd2tri_TGC	37.96619040447365	0.014378072845301907
effmd2tri_TGG	181.18541964944228	0.03163940693697979
effmd2tri_TGT	66.71786633518374	0.019092530534936834
effmd2tri_TTA	46.22169127478335	-0.015899510251194036
effmd2tri_TTC	0.09367757021179896	-0.0007138388255946671
effmd2tri_TTG	113.23404306969418	0.024956198387395608
effmd2tri_TTT	30.58200954973011	-0.012957309891604705
effmd3tri_AAA	8.641494816057312	-0.006901918239055818
effmd3tri_AAC	0.10186478648049076	0.0007473817432034026
effmd3tri_AAG	8.344761943815517	0.006793064381546436
effmd3tri_AAT	0.20491860053285663	-0.0010587115488427292
effmd3tri_ACA	4.081809096450746	0.0047199386066734475
effmd3tri_ACC	30.206561458082025	-0.01284165805876882
effmd3tri_ACG	1.5730451493302482	-0.0029301915160027613
effmd3tri_ACT	69.12618971840935	-0.019490697382818202
effmd3tri_AGA	112.86661362517027	0.02509555361887834
effmd3tri_AGC	49.38990786246792	0.016430355737665558
effmd3tri_AGG	3.4145577672309915	0.004337215211276002
effmd3tri_AGT	53.46794037109102	-0.01717500759111489
effmd3tri_ATA	29.960234503241363	-0.012808364514891138
effmd3tri_ATC	0.9879177382992471	-0.0023301782035132505
effmd3tri_ATG	0.0006574905729719378	-6.023316872171003e-05
effmd3tri_ATT	171.11320731453108	0.030637238871611166
effmd3tri_CAA	36.57684764752203	-0.014152402009224366
effmd3tri_CAC	11.865543537317087	-0.008043461157603593
effmd3tri_CAG	8.387517402284711	-0.006757514153133809
effmd3tri_CAT	1.7943726303080645	0.0031258912050952576
effmd3tri_CCA	15.27619172775642	-0.009112278068636947
effmd3tri_CCC	6.045599574373443	-0.0057238540582663045
effmd3tri_CCG	9.309558709070442	-0.007095790581040803
effmd3tri_CCT	63.60317668905699	-0.018585017557454037
effmd3tri_CGA	36.19942128157731	-0.014060498291256053
effmd3tri_CGC	12.821345438322819	0.008337587816703405
effmd3tri_CGG	33.13255103163103	-0.01345835850851012
effmd3tri_CGT	35.78262144975551	-0.013951913970465836
effmd3tri_CTA	204.83075335918846	-0.033620958916422354
effmd3tri_CTC	18.26263834821217	0.009963117952816828
effmd3tri_CTG	0.064998743654288	-0.0005944858802376118
effmd3tri_CTT	11.189485419523065	-0.007814813497918034
effmd3tri_GAA	29.683373259547366	0.012828529635164137
effmd3tri_GAC	13.810937383344786	-0.008718154355993643
effmd3tri_GAG	136.85600075973403	0.027431314108908512
effmd3tri_GAT	152.2545231401536	0.02901337362358337
effmd3tri_GCA	28.714799854516425	0.012518600812979532
effmd3tri_GCC	15.054510857417768	-0.009026926903475563
effmd3tri_GCG	79.65279812747816	-0.020821879850902184
effmd3tri_GCT	35.7604005427371	0.01394944053855961
effmd3tri_GGA	9.187422862320446	0.007140666349617873
effmd3tri_GGC	9.616707912316944	0.007278271355097718
effmd3tri_GGG	0.34697859655810176	-0.001375216833318807
effmd3tri_GGT	6.623170883672619	-0.006036879368400305
effmd3tri_GTA	2.2144087879975536	0.0034787999886616286
effmd3tri_GTC	0.18820966974618383	-0.0010120266060173824
effmd3tri_GTG	7.708428189196375	-0.006515086864264652
effmd3tri_GTT	0.5783747303608733	-0.0017780225357739046
effmd3tri_TAA	307.8930439180655	0.041103770294034586
effmd3tri_TAC	85.00318108136874	-0.021623293556889574
effmd3tri_TAG	0.18044955572919	0.0009961694002999955
effmd3tri_TAT	0.8192478606333743	-0.0021140063490140233
effmd3tri_TCA	67.09902246822892	-0.019145630419950994
effmd3tri_TCC	9.5172040421753	-0.007183994462014058
effmd3tri_TCG	62.76962648587892	0.01853230524848657
effmd3tri_TCT	67.38061820758273	-0.01917361637153388
effmd3tri_TGA	23.98070784072488	-0.011512056312993613
effmd3tri_TGC	51.170929656011126	0.016703536711345716
effmd3tri_TGG	200.69860332155736	0.033274963927609626
effmd3tri_TGT	96.12700492699504	0.022914196117241967
effmd3tri_TTA	15.095793624638441	-0.009077528287021077
effmd3tri_TTC	20.51455369467218	-0.01057413754873126
effmd3tri_TTG	16.58013133164821	-0.009586898380558843
effmd3tri_TTT	7.91661700264587	-0.006587353591525868
effmd4tri_AAA	24.24723783371527	-0.011599500365449211
effmd4tri_AAC	17.962445673451096	-0.00992784350847937
effmd4tri_AAG	499.73162435231006	0.052489220889704445
effmd4tri_AAT	0.761511189886874	0.0020410945177864017
effmd4tri_ACA	5.2478874239694555	-0.005378935778607177
effmd4tri_ACC	87.49184300453209	-0.021884403571489644
effmd4tri_ACG	4.879798755767687	0.005164294636495406
effmd4tri_ACT	48.353684996556325	-0.016289033564768345
effmd4tri_AGA	15.32325978486803	0.0092326813005012
effmd4tri_AGC	2.029015551800764	-0.003323668213326616
effmd4tri_AGG	37.04931378795643	0.01425530459241983
effmd4tri_AGT	16.628613401663017	0.009546107750457155
effmd4tri_ATA	0.20722838365486002	0.0010642134462021274
effmd4tri_ATC	20.508023206720384	-0.010585472583839652
effmd4tri_ATG	257.5005721977638	0.03763636640490356
effmd4tri_ATT	1.1819766068044548	0.0025423653330693126
effmd4tri_CAA	14.343687517797282	-0.008856391376565095
effmd4tri_CAC	1.573023584863079	-0.0029208914852312576
effmd4tri_CAG	5.14187265369505	0.00529343872910873
effmd4tri_CAT	1.8498466036413421	-0.0031817358364022723
effmd4tri_CCA	0.9038786426596586	0.002217058674303495
effmd4tri_CCC	43.62253511460859	-0.015362966835134762
effmd4tri_CCG	0.4329665716052034	-0.0015318285787609192
effmd4tri_CCT	83.46414837863449	-0.02131967260515035
effmd4tri_CGA	1.7837432809662628	0.0031185725626179214
effmd4tri_CGC	31.551742293421835	-0.013064421951264572
effmd4tri_CGG	40.78556952362438	-0.014933426642645284
effmd4tri_CGT	46.396193407599185	0.015903812863658877
effmd4tri_CTA	79.86997823592763	-0.020884661986410032
effmd4tri_CTC	47.01174428516859	-0.016007961786649958
effmd4tri_CTG	1.4475194117222558	0.002807235830945037
effmd4tri_CTT	20.65202646828713	-0.010625765745539415
effmd4tri_GAA	16.176109155212945	-0.009475624623588745
effmd4tri_GAC	7.15255756852418	-0.006267403171551491
effmd4tri_GAG	6.257891547933534	0.005870146226403779
effmd4tri_GAT	90.47566853999757	0.022444894612611822
effmd4tri_GCA	63.87126541210352	0.01871907746604795
effmd4tri_GCC	5.446674577389004	-0.005437121490375427
effmd4tri_GCG	7.4984688368875725	0.006405216880608836
effmd4tri_GCT	94.75357993859217	0.022752087596090775
effmd4tri_GGA	105.77554076586989	0.02426222761933179
effmd4tri_GGC	0.40934474606569027	0.0014957023366715045
effmd4tri_GGG	1.9004317609250467	-0.003216717623142545
effmd4tri_GGT	0.5016588074750656	-0.0016564265285434893
effmd4tri_GTA	26.611998568928303	0.012097422266827588
effmd4tri_GTC	23.952123719923975	-0.011411640690777526
effmd4tri_GTG	19.40941216587618	-0.010328813858156458
effmd4tri_GTT	18.855272996346454	-0.010172951953032435
effmd4tri_TAA	46.550405216475774	-0.015979647963123452
effmd4tri_TAC	53.344022358223	-0.017061178980721552
effmd4tri_TAG	11.693066658484021	-0.00802996800184673
effmd4tri_TAT	63.00642050710062	-0.01855003245185148
effmd4tri_TCA	1.5264122084724678	-0.0028894300546948555
effmd4tri_TCC	22.007451937636787	-0.010927624121684413
effmd4tri_TCG	9.208337050843893	0.007104821766822512
effmd4tri_TCT	1.564527417795067	-0.002919022957985863
effmd4tri_TGA	0.09481273368469816	0.0007225863638199438
effmd4tri_TGC	49.96744415684603	-0.016582065220623155
effmd4tri_TGG	1.3752992648808624	-0.002755693977633502
effmd4tri_TGT	0.10653347743358739	0.0007635594879169098
effmd4tri_TTA	38.20993432909692	-0.014447417741253434
effmd4tri_TTC	52.84703095788118	-0.01696809558605302
effmd4tri_TTG	367.6809978584381	0.04496977738586786
effmd4tri_TTT	7.369874899144222	-0.006355048245503512
effmd5tri_AAA	82.0410304217196	-0.021328656508674167
effmd5tri_AAC	32.62350148527367	-0.01338317150160331
effmd5tri_AAG	0.40734274192811104	-0.0015021306434372958
effmd5tri_AAT	14.289289060855953	-0.008847883051459301
effmd5tri_ACA	35.0993559806652	-0.01386737768366227
effmd5tri_ACC	53.778530577404126	-0.01712020326078915
effmd5tri_ACG	0.5685551515080601	0.001764823704782575
effmd5tri_ACT	14.454847862317639	-0.008877230541812683
effmd5tri_AGA	331.44146144604014	0.04287704282519796
effmd5tri_AGC	28.91686437241206	0.012548538268151884
effmd5tri_AGG	3.8718279716817987	-0.004624257092159962
effmd5tri_AGT	1.1783080352865924	0.0025385348204075772
effmd5tri_ATA	2.0132869455212727	0.00332347839030965
effmd5tri_ATC	29.45407473831507	-0.01269470498074364
effmd5tri_ATG	23.75251212225364	0.01147492217328184
effmd5tri_ATT	10.506280585220587	0.0075814217533631606
effmd5tri_CAA	39.78726866142713	0.014768683704796342
effmd5tri_CAC	15.392427440198427	-0.009173745861042023
effmd5tri_CAG	1.5923360974363692	-0.002953129171945577
effmd5tri_CAT	13.123298141201136	0.00848042136610621
effmd5tri_CCA	87.83246411871781	-0.021915927919018446
effmd5tri_CCC	9.65819436980563	-0.007223880810124313
effmd5tri_CCG	1.0327648123375133	-0.002367807940274397
effmd5tri_CCT	69.2970713989282	-0.019412045434037115
effmd5tri_CGA	15.98101495155316	0.009381592054439686
effmd5tri_CGC	8.887353628638204	-0.006933695355374734
effmd5tri_CGG	3.8149598503608733	0.004571050358143962
effmd5tri_CGT	8.214879508619111	0.006687918071648845
effmd5tri_CTA	41.078291742409434	-0.014958973224643346
effmd5tri_CTC	9.727368126622245	-0.007301149306795653
effmd5tri_CTG	13.932394748044379	0.008713663168746447
effmd5tri_CTT	2.465927127834874	-0.0036710632548461303
effmd5tri_GAA	6.361975324804596	0.005926566943299922
effmd5tri_GAC	14.44865920403276	0.008929211446105794
effmd5tri_GAG	11.687588665703798	0.00801182283017419
effmd5tri_GAT	54.166528113961746	0.017346134466849506
effmd5tri_GCA	66.37377813849166	-0.01916593491259263
effmd5tri_GCC	5.21390167819386	-0.005311935121294017
effmd5tri_GCG	18.367212281779636	-0.009990814835436956
effmd5tri_GCT	19.287983214029918	0.010245307762546502
effmd5tri_GGA	0.9758080648698985	0.0023261481605197547
effmd5tri_GGC	11.753062203945245	-0.008002933343464632
effmd5tri_GGG	2.522983470233978	-0.0037101289277378614
effmd5tri_GGT	0.5256496726435573	0.0016955438656727985
effmd5tri_GTA	1.158298730367754	0.002515526995805346
effmd5tri_GTC	2.9435236722220375	0.004003812903491077
effmd5tri_GTG	0.9161844771285689	0.0022407558481902737
effmd5tri_GTT	35.39861213859452	0.013933470030094366
effmd5tri_TAA	18.670720177509857	0.010113999447893934
effmd5tri_TAC	69.37213314262286	-0.019491306404771078
effmd5tri_TAG	0.905038563578253	0.002227706818161622
effmd5tri_TAT	30.73588225330402	-0.012942031152770147
effmd5tri_TCA	40.85103176467246	-0.014918349295403885
effmd5tri_TCC	16.482605170783916	-0.009459216109984021
effmd5tri_TCG	23.714827792802062	-0.011385717350608624
effmd5tri_TCT	63.09878679002458	-0.018555822870502506
effmd5tri_TGA	0.807185274241445	0.0021122227937327293
effmd5tri_TGC	1.93769206504207	0.0032481072519248266
effmd5tri_TGG	387.90075090346244	0.046178559285538
effmd5tri_TGT	141.79090767095008	0.02785626140832679
effmd5tri_TTA	71.3352706415509	-0.019799464864639675
effmd5tri_TTC	3.5104996804415505	-0.00436827312221545
effmd5tri_TTG	6.669035782045141	0.006049230570812555
effmd5tri_TTT	6.622895213397504	-0.0060279207846225015
eff5p1_3p3_AA	15.285137352635624	-0.00939660748479481
eff5p1_3p3_AC	5.059027055183983	-0.0055497430973159125
eff5p1_3p3_AG	81.80395203700866	0.022535664916541343
eff5p1_3p3_AT	80.44243736592229	-0.02197518223215366
eff5p1_3p3_CA	120.36539834800462	-0.025649767621768356
eff5p1_3p3_CC	145.72289808526114	-0.028784709089817003
eff5p1_3p3_CG	15.308056378117696	0.009295647406971795
eff5p1_3p3_CT	41.927867080817684	-0.015195541577826575
eff5p1_3p3_GA	332.90317562741586	-0.04303550817367667
eff5p1_3p3_GC	5.296309210959677	-0.0054999623359760046
eff5p1_3p3_GG	12.607973450090556	0.008482175611964024
eff5p1_3p3_GT	269.71737777652936	-0.03891745681233538
eff5p1_3p3_TA	11.327425304393424	0.008025524518121259
eff5p1_3p3_TC	107.55506710515125	0.02477500128851944
eff5p1_3p3_TG	513.5064076810077	0.05513482111081539
eff5p1_3p3_TT	43.122189168506694	0.015819128622169158
anyhitBool_False	409.5857152931983	-0.04843884895420632
anyhitBool_True	25.748538593804874	0.04843884895420627
twohitBool_False	293.9365993397378	-0.08349313732599317
twohitBool_True	999.4750621068546	0.08349313732599317
